Question_ID	Request	Expected_Response	Actual_Response	Colonna 5	Colonna 6	Voter 3	Comment	FINAL						
IR_1	Retrieve the SPARQL endpoint status of NoiPA in the date September 7th, 2025?	On	On 2025-09-07 the NoiPA SPARQL endpoint status was: Available.  SPARQL endpoint URL: https://sparql-noipa.mef.gov.it/sparql	1	1	1		1						
IR_1	Is the NoiPA SPARQL endpoint up in the last assessment?	On	Yes. The latest assessment (2025-09-07) reports the SPARQL endpoint as "Available". URL: https://sparql-noipa.mef.gov.it/sparql. Requires authentication: False. (No RDF dump available.)	1	1	1		1						
IR_2	Which is the amount of data of the LiLa Lemma Bank dataset?	1,699,687	Here are the amount-of-data values for LiLa Lemma Bank (LemmaBank):  - Amount of data (score): 0.333333   - Number of triples (metadata): 1,699,687   - Number of triples linked: 3,318,298   - Content note: the Lemma Bank contains ≈ 200,000 canonical Latin forms (lemmas)  Sources: LiLa metadata (http://lila-erc.eu/data/id/lemma/LemmaBank) and the dataset metadata provided.	0.5	1	1		1						
IR_2	How many triples does LiLa Lemma Bank have?	1,699,687	The LiLa Lemma Bank contains 3,318,298 triples. (It also has 1,699,687 metadata triples.)	0.5	1	1		1						
IR_3	Which is the license of DBLP?	CC-0	The DBLP Knowledge Graph is released under CC0 (Creative Commons Public Domain Dedication 1.0).  Machine-readable references found: - http://www.opendefinition.org/licenses/cc-zero (metadata) - https://creativecommons.org/publicdomain/zero/1.0/ (license URL)	1	1	1		1						
IR_3	How is DBLP licensed?	CC-0	The dblp Knowledge Graph is released under CC0 1.0 (Creative Commons Public Domain Dedication).  Evidence from the dataset metadata: - Machine-readable license URL: https://creativecommons.org/publicdomain/zero/1.0/ - Metadata reference: http://www.opendefinition.org/licenses/cc-zero  What that means: CC0 waives copyright to the fullest extent permitted—you may use, copy, modify and redistribute the data for any purpose without requiring attribution (though attribution is good practice).   If you need to double-check, see dblp.org (dataset page / RDF dumps) or the license pages above.	1	1	1		1						
IR_4	Which is the accuracy score of WordNet?	0.00	The Accuracy score for WordNet (w3c-wordnet) is 0.000000 (i.e. 0.0).	1	1	1		1						
IR_4	How accurate is WordNet?	0.00	Short answer: the automated evaluation you gave reports an Accuracy score of 0.00 for the "w3c-wordnet" dataset — i.e., the tool returned zero accuracy for every inspection date shown (2025‑05‑04 → 2025‑09‑07).  What that means (and important caveats) - The Accuracy score shown (0.000000 on all timestamps) is the result of the specific automatic test run by the evaluation tool you pasted. It does not necessarily mean that the lexical content of WordNet is “all wrong” — it more likely indicates one of:   - the accuracy test requires a suitable reference/gold standard which was not available to the checker, so the metric defaulted to 0; or   - the particular automated checks used are not applicable to this RDF representation (e.g., they expect certain metadata or validation targets that the dataset doesn’t expose); or   - there are conversion/mapping problems in this RDF release that caused the test to fail. - Supporting metrics in the dump give important context:   - Believability score ≈ 0.80 and Trust value ≈ 0.75 — the dataset appears to come from an authoritative source and is considered believable by the tool.   - R score = 1.0 (reusability/identifier quality) and various FAIR/availability indicators are nonzero — metadata and persistence aspects are reasonably good.   - Interlinking and automated interpretability metrics are essentially zero, suggesting the RDF version is minimally linked and/or lacks some machine-actionable vocabularies. So the automated “Accuracy = 0.0” should be interpreted alongside these other indicators rather than on its own.  What’s true about WordNet in practice - Princeton WordNet (and its standard conversions) is a long‑standing, manually curated lexical resource widely used as a linguistic gold standard in many NLP tasks. Its senses, synonym sets (synsets) and relations (hypernym, antonym, meronym, etc.) are generally reliable, though:   - sense granularity can be finer than many NLP applications need (leading to ambiguity issues),   - occasional outdated or incomplete senses exist (no large lexicon is perfect),   - errors introduced during format conversion (e.g., to RDF/OWL) or by third‑party processing can degrade the dataset. - In short: the lexical content of WordNet is generally high quality; the zero accuracy here most likely reflects evaluation-method or representation issues rather than definitively proving all content is wrong.  Practical next steps you can take 1. Check evaluation assumptions: confirm what the Accuracy score test expects (a gold standard, particular predicates, etc.). If the test needs a reference that wasn’t provided, rerun with an appropriate reference. 2. Validate the RDF conversion:    - Compare the RDF version against the canonical Princeton WordNet files (original distribution) to spot missing/changed triples.    - Run RDF/OWL validation (SHACL, OWL reasoner) to detect mapping errors. 3. Sample-based manual check:    - Randomly sample N synsets/relations (e.g., 100) and manually verify correctness; report precision. 4. Automated consistency checks:    - Check for broken links, missing labels, malformed literals, duplicate or inconsistent relations introduced during conversion. 5. If you only need lexical correctness for NLP tasks, use the official Princeton release (or a maintained distribution) and not necessarily the W3C RDF conversion, unless you need RDF features. 6. If you want, I can help design a small verification procedure (sampling plan and checks) or parse the RDF and run some quick checks to identify likely conversion errors.  If you tell me: - whether you care about the original Princeton WordNet or the W3C RDF conversion specifically, and - what “accuracy” means for your use case (correct synsets, correct relations, no mapping errors, etc.),  I can propose a concrete test plan and/or run some automated checks on a sample.	1	1	1		1						
IR_5	What is the trust value of the Linked Open Camera dataset?	0.5	The Linked Open Camera dataset (bpr) has a trust value of 0.500000 (50%).   This value appears consistently on 2025-05-04, 2025-06-01, 2025-07-13, 2025-08-03 and 2025-09-07.  If you meant a different dataset name, tell me which one and I’ll check.	1	1	1		1						
IR_5	How trustworthy is the Linked Open Camera dataset?	0.5	Short answer - Moderately trustworthy overall (trust value = 0.50, latest measures). - Safe for local use and querying, but has important weaknesses for provenance, verification and linking.  Details (latest measurements, timestamps around 2025‑07 → 2025‑09) Key positives - Security: security score = 1.00 — good security posture reported. - Availability / access: metadata and download dumps are available (availability for download (metadata) = 1.0); a SPARQL endpoint is published (http://dati.camera.it/sparql). - Data format / representation: uses RDF and has high representational consistency (representational‑consistency ≈ 0.876), so the data model is clean and stable. - Accuracy (latest): recorded accuracy measurements reached 1.00 in later checks (earlier checks were lower), indicating good internal correctness in recent assessments.  Key concerns - Overall trust value only 0.50 (moderate). - Verifiability is very low (verifiability ≈ 0.11) — the dataset lacks machine‑readable provenance, explicit sources and metadata needed to independently verify facts. - Interlinking / dereferenceability: interlinking completeness = 0.0; number of triples linked is extremely small (54); URIs dereferenceability ≈ 0.0. That means the dataset is poorly connected to external authority data and resource URIs are not reliably dereferenceable. - Reputation: measured reputation is negligible (near 0), and the dataset is not listed on a “trusted provider list”. - Licensing/Policy: licensing score ≈ 0.5 (a license exists but could be improved or made more machine‑actionable). - Some consistency / modeling issues were detected earlier (various problem flags exist in the assessments), so behaviour can vary across snapshots.  Practical implication - Good for internal queries, analyses that depend on the dataset’s internal structure, or bulk downloads (dumps available). - Not recommended as a provenance/trust anchor for integrating sensitive decisions, or for linking to external knowledge graphs without additional verification and enrichment.  Suggested immediate improvements to raise trustworthiness 1. Add and expose provenance and source metadata (who/when/where each fact came from) in machine‑readable form (PROV, DCAT/VoID, etc.) — will raise verifiability. 2. Make URIs dereferenceable and enable content negotiation (HTML + RDF) so resources can be looked up reliably. 3. Increase external linking (owl:sameAs / schema mappings) to authoritative datasets to improve interlinking completeness. 4. Publish a clear machine‑readable license and, if appropriate, register the dataset in trusted catalogues to raise reputation and licensing score. 5. Add dataset‑level contact/maintainer metadata (author, organization, email) so users can verify and ask about content.  If you want, I can - Extract and show the exact bpr metrics and timestamps used above, or - Draft an actionable checklist (with example RDF snippets) you can hand to the dataset maintainers to improve trust scores. Which would you prefer?	1	1	1		1						
TA_1	Is the number of triples of NoiPA retrieved via the SPARQL endpoint always the same?	No, they slightly increase over time.	No — it changes over time. Measurements from the SPARQL endpoint show an increasing number of triples:  - 2025-05-04: 412,894,535   - 2025-06-01: 419,389,676  (Δ +6,495,141)   - 2025-07-13: 432,861,574  (Δ +13,471,898)   - 2025-08-03: 439,796,613  (Δ +6,935,039)   - 2025-09-07: 446,170,057  (Δ +6,373,444)  Total increase from 2025-05-04 to 2025-09-07: 33,275,522 triples. This indicates the dataset is being updated (not constant).	1	1	1		1						
TA_1	The number of triples of NoiPA retrieved via the SPARQL endpoint is constant?	No, they slightly increase over time.	No — it is not constant. The SPARQL-counted triples increase over time:  - 2025-05-04: 412,894,535   - 2025-06-01: 419,389,676  (+6,495,141; +1.57%)   - 2025-07-13: 432,861,574  (+13,471,898; +3.21%)   - 2025-08-03: 439,796,613  (+6,935,039; +1.60%)   - 2025-09-07: 446,170,057  (+6,373,444; +1.45%)  Overall growth May→Sep: +33,275,522 triples (≈ +8.06%).   (For comparison: the "Number of triples (metadata)" is constant at 340,000,000 in the records.)	1	1	1		1						
TA_2	Is the SPARQL endpoint of DBLP always available?	Yes	Short answer: No — but it's been reliably up during the monitored period.  Evidence from the records: - The DBLP KG's SPARQL endpoint is recorded as "Available" on all checks shown: 2025-05-04, 2025-06-01, 2025-07-13, 2025-08-03 and 2025-09-07. - SPARQL endpoint URL recorded: https://sparql.dblp.org/sparql (2025-05–09/2025). - Performance/availability indicators are good: median latency 0.1–0.2 s, high throughput (6–8 req/s) and availability scores near 1.0 on several dates. - No authentication required (Requires authentication = False) and metadata shows license/DOI and large triple counts — all signs the service responded to queries.  Caveats / anomalies: - Some derived metrics vary (availability score has dropped in some snapshots, and there are flags such as "Inactive links" and small inconsistencies in the recorded "Use HTTPS" metric even though the endpoint URL is https). Those indicate there were occasional problems or metric-collection inconsistencies. - "Always available" cannot be guaranteed from periodic checks alone — only that the endpoint was up in every sampled check across May–Sep 2025.  If you need ongoing certainty, I can suggest or help set up continuous monitoring (e.g., periodic simple SPARQL ASK query, HTTP checks, alerting).	1	1	1		1						
TA_2	Is the DBLP SPARQL endpoint always up?	Yes	Short answer: You can't assume “always” — but in the available monitoring data the DBLP SPARQL endpoint was up on every check between May and September 2025.  Evidence from the logs - SPARQL endpoint reported Available on: 2025-05-04, 2025-06-01, 2025-07-13, 2025-08-03 and 2025-09-07.   - SPARQL URL recorded: https://sparql.dblp.org/sparql.   - Responsiveness: median latency ~0.1–0.2 s; median throughput ~6–8 requests/sec in those checks.   - Authentication: not required (Requires authentication = False).   - RDF dump: direct download via live query was reported False (no download via the endpoint), but metadata lists dump links (https://doi.org/10.4230/dblp.rdf.ntriples and https://dblp.org/rdf/dblp.ttl.gz).  Notes and recommendation - “Always up” is a guarantee only the operator can give; the monitoring snapshots above show no outages on the checked dates but do not prove continuous availability outside those checks.   - If you rely on the endpoint in production, add your own uptime monitoring and alerting (e.g., periodic SPARQL ASK/SELECT checks), and use the published RDF dumps (or mirror them) as a fallback.	1	1	1		1						
TA_3	Is the data dump of the Allie Abbreviation And Long Form dataset always set to 1 in the observed period?	No, it is discontinuous	No — it was not always 1 across the observed period.  Measured values for "Availability of RDF dump (metadata)" in the records you provided: - 2025-05-04: 1.000000 - 2025-06-01: 1.000000 - 2025-07-13: 1.000000 - 2025-08-03: 1.000000 - 2025-09-07: 0.000000  Interpretation: - For May–August 2025 the metadata-level flag indicates an RDF dump was available (value = 1). - On 2025-09-07 that flag is 0, so the automated check reports the RDF dump metadata as unavailable at that date.  Note: other related measures in the dataset remain (e.g. offline dump URLs / ftp links and a SPARQL endpoint URL) which suggests the decline on 2025-09-07 could be due to a transient metadata detection failure or a change in how the metadata was exposed. If you want, I can: - check the offline-dump and SPARQL entries and their timestamps, - list the dump URLs found in the records, or - suggest checks to confirm whether the dump is currently reachable. Which would you prefer?	1	1	1		1						
TA_3	Is the data dump of the Allie Abbreviation And Long Form dataset always up?	No, it is discontinuous	No — the dump is not always up.  Evidence from the measurements: - Availability checks via the SPARQL/endpoint check show the RDF dump is offline (Availability for download (query) = False on multiple dates: 2025-05-04, 2025-06-01, 2025-07-13, 2025-08-03, 2025-09-07). - Availability-of-RDF-dump metadata flags were sometimes 1.0 but were 0.0 on 2025-09-07 (i.e. metadata may claim a dump exists, but the dump was not reachable when queried). - There are offline dump locations recorded (e.g. ftp://ftp.dbcls.jp/allie/allie_rdf/allie_rdf_nt_latest.gz and ftp://ftp.dbcls.jp/allie/allie_rdf/), but measurements also report inactive links = True at times, so those FTP endpoints may not always be reachable. - The SPARQL endpoint (http://data.allie.dbcls.jp/sparql) is marked available, so querying the data via SPARQL is generally possible even when the dump itself is not downloadable.  If you need the dump now: try the FTP URL(s) first and, if they fail, query the SPARQL endpoint or use the web site (http://allie.dbcls.jp/) for current pointers. If you want, I can run a quick reachability/availability check (curl/HEAD) for the FTP/HTTP endpoints and report the live status.	1	1	1		1						
TA_4	Is the accuracy of NoiPA constant over time?	No	No — it isn’t perfectly constant. Timeline from the records you provided:  - 2025-05-04: Accuracy = 0.999700   - 2025-06-01: Accuracy = 0.999700   - 2025-07-13: Accuracy = 0.999660   - 2025-08-03: Accuracy = 0.999660   - 2025-09-07: Accuracy = 0.999660    So the score dropped slightly (by 0.00004, ≈0.004%) between early June and mid July, then remained at 0.999660 through early September. If you want, I can plot the trend or check earlier/later timestamps.	1	1	1		1						
TA_4	Does the accuracy of NoiPA remain consistent over time?	No	Short answer: Yes — it remains essentially constant and extremely high.  Details: - 2025-05-04: 0.999700 - 2025-06-01: 0.999700 - 2025-07-13: 0.999660 - 2025-08-03: 0.999660 - 2025-09-07: 0.999660  Change from the May/June value (0.999700) to July–September (0.999660) is an absolute drop of 0.00004 (≈0.004% relative) — negligible in practice. If you need, I can check what changed around July (data, evaluation method, or sampling) that produced the tiny reduction.	1	1	1		1						
TA_5	What is the longest continuous period in which the Allie Abbreviation And Long Form dataset data dump has been equals to 1?	91 days	Measure: "Availability of RDF dump (metadata)".  Longest continuous period with value = 1: - From 2025-05-04 through 2025-08-03 (the snapshots on 2025-05-04, 2025-06-01, 2025-07-13 and 2025-08-03 all have value 1.000000). - This span covers 92 days inclusive (91 days elapsed; i.e. about 13 weeks + 1 day).  Note: the value is 0.000000 on the 2025-09-07 snapshot, so the run of ones ended at the 2025-08-03 snapshot.	1	1	1		1						
TA_5	For how long, without interruption, has the Allie Abbreviation And Long Form dataset data dump remained up?	91 days	There is no recorded uninterrupted uptime. The dataset's offline-dump URLs exist in the metadata, but the "Inactive links" measure is True on every check (2025-05-04, 2025-06-01, 2025-07-13, 2025-08-03 and 2025-09-07), so the dump was reported unreachable at each measurement.   Conclusion: uninterrupted availability = 0 (no continuous up period in the recorded checks). If you want, I can try to test the dump URLs now (or provide a script) to verify current accessibility.	0	0	0		0						
Co_1	Which dataset has the highest number of triples?	DBLP	Dataset dblp-kg has the most triples: 1,452,862,425 triples (Number of triples (query), timestamp 2025-09-07).	1	1	1		1						
Co_1	Which is the biggest dataset among the compared ones?	DBLP	The largest dataset is dblp-kg — by the "Number of triples (query)" measure it has ~1.45 billion triples (1,452,862,425 at 2025-09-07).   (For comparison, the next-largest in the list is NoiPA at ~0.44 billion triples.)	1	1	1		1						
Co_2	Which is the dataset performing worst in the license metric?	CIDOC-CRM	CIDOC-CRM. It has a Licensing score of 0.000 (no license found — license machine-readable (metadata) = False and R1.1 = 0.0).	1	1	1		1						
Co_2	Which is the worst performing dataset in the license metric?	CIDOC-CRM	CIDOC-CRM — Licensing score = 0.000000 (observed repeatedly across timestamps: 2025-05-04, 2025-06-01, 2025-07-13, 2025-08-03, 2025-09-07).	1	1	1		1						
Co_3	What is the mean score for the accuracy dimension?	0.50	Do you mean the mean of all reported "Accuracy score" values in this file (i.e., across all datasets and timestamps), or the mean across datasets using only each dataset's latest Accuracy score? I can compute either — which do you want?	0	0	0		0						
Co_3	What is the mean value of the accuracy dimension?	0.50	Do you mean the mean across (A) all Accuracy score records in the input, (B) the mean Accuracy per dataset (one value per dataset), or (C) the mean using only each dataset's latest Accuracy value? Tell me which and I will compute it from the data.	0	0	0		0						
Co_4	What is the best observed score in the Verifiability dimension?	0.4983 (NoiPA, Allie, Bathing Water Quality)	The highest Verifiability score observed is 0.498333.   This value appears for datasets including NoiPA (and also for environment-agency-bathing-water-quality and allie-abbreviation-and-long-form-database-in-life-science) across multiple timestamps.	1	1	1		1						
Co_4	What is the highest observed Verifiability score?	0.4983 (NoiPA, Allie, Bathing Water Quality)	The highest observed Verifiability score is 0.498333.   Datasets with that score include (examples from the records): - NoiPA (multiple timestamps: 2025-05-04, 2025-06-01, 2025-07-13, 2025-08-03, 2025-09-07) - allie-abbreviation-and-long-form-database-in-life-science (timestamps: 2025-06-01, 2025-07-13, 2025-08-03) - environment-agency-bathing-water-quality (timestamp: 2025-05-04, 2025-06-01)	1	1	1		1						
Co_5	What are the highest-performing dimensions in September 2025?	License, Performance, Accuracy, Believability, Currency, Timeliness, Security, Conciseness and Interpretability	Summary (September 2025)  Highest-performing dimensions (values shown are the top observed in the data and the dataset(s) that reach them):  - Performance — 1.00 (NoiPA, dblp-kg)   - Interpretability — 1.00 (NoiPA); bpr ≈ 0.998   - Security — 1.00 (bpr)   - Timeliness / Volatility — 1.00 (NoiPA)  Other relatively strong dimensions (but below 1.0):  - Believability — up to 0.80 (CIDOC‑CRM, dblp‑kg, NoiPA)   - Availability — up to 0.75 (dblp‑kg); micro‑coronavirus ≈ 0.741   - Amount of data — up to 0.6667 (bpr, NoiPA)   - Representational / consistency (Interoperability sub‑aspect) — bpr ≈ 0.876   - Licensing — typically 0.50 for several datasets  Notes - Scores are taken from the measurements with timestamps around 2025‑09‑07 in the supplied data.   - Some dimensions (e.g., interlinking) score very low across datasets. If you want, I can produce a ranked table of all dimensions (per‑dataset or aggregated averages).	0,5	0,5	0,5		0,5						
Co_5	What are the dimensions performing better in September 2025?	License, Performance, Accuracy, Believability, Currency, Timeliness, Security, Conciseness and Interpretability	Short answer — for the measurements recorded on/around 2025‑09‑07 the strongest (highest‑scoring) dimensions are:  - Interpretability   - bpr: Interpretability score ≈ 0.9979 (2025‑09‑07)   - dblp‑kg: Interpretability score = 0.50 (also measured on 2025‑09‑07) — but bpr is by far the highest.  - Currency (timeliness)   - bpr: Currency score = 1.0 (2025‑09‑07)   - several other KGs have low/zero currency scores, so bpr stands out.  - Security / Access & Availability   - bpr: Security score = 1.0 (2025‑09‑07)   - bpr: Availability for download (metadata) = 1.0; Availability of RDF dump (metadata) = 1.0 (2025‑09‑07)  - Accessibility / A (working access, registration, etc.)   - bpr: A score = 1.0 (2025‑09‑07)   - many datasets show A2 (registered in search engines) = 1.0 as well.  - Conciseness / Representational consistency (interoperability-related)   - bpr: Conciseness score ≈ 0.8843 (2025‑09‑07)   - bpr: Representational‑Consistency score ≈ 0.8762 (2025‑09‑07)  - Performance (for some datasets)   - NoiPA: Performance score = 1.0 (2025‑09‑07)   - dblp‑kg and some others also show high performance (1.0) in their records on/near 2025‑09‑07.  Notes / caveats - Scores are dataset‑specific. The list above highlights dimensions that had very high values on 2025‑09‑07 for one or more datasets (especially bpr). Other datasets often have very different profiles (many show low currency, low interlinking, or missing metadata). - If you want a single ranked list across all datasets (e.g., average per‑dimension across datasets) I can compute that — tell me which datasets to include and whether to weight them equally.	0	0	0		0						
E&D_1	Why is the availability score equals to 1 for the DBLP dataset?	Because all the metrics in the availability dimension can be correctly computed	Because the availability score is a weighted/linear combination of several availability checks, it reaches 1.0 when the dataset satisfies the availability-related requirements used in the metric. For dblp-kg the assessment timestamp where Availability score = 1.0 (2025-07-13 and 2025-08-03) shows that the key availability indicators were satisfied:  - SPARQL endpoint: Available (SPARQL endpoint URL: https://sparql.dblp.org/sparql)   - A1-D Working access point(s): 1.0 (operational access points present)   - Availability of RDF dump (metadata): 1.0 (metadata/VoID indicates a dump)   - Availability for download (metadata): 1.0 (download links present in metadata)   - F3‑M Data referable via a DOI: 1.0 (download DOI present: https://doi.org/10.4230/dblp.rdf.ntriples)   - A2‑M Registered in search engines: 1.0   - License retrievable (machine readable): CC0 present (license machine redeable = https://creativecommons.org/publicdomain/zero/1.0/)   - URIs dereferenceability / inactive-links checks were OK at that time (inactive links = False; F1‑D URIs dereferenceability = 1.0 on 2025-07-13)  Because these primary availability checks (working access points, discoverable metadata with download links/DOI, searchable registration and retrievable license) were all satisfied at that assessment, the combined availability dimension score was 1.0.  Note: the availability score is time-dependent — other timestamps show lower values when one or more checks failed (for example, inactive links or the dump not being directly downloadable), so the score can drop when those conditions change.	0	0	0.5		0						
E&D_1	Why does the DBLP dataset have an availability score of 1?	Because all the metrics in the availability dimension can be correctly computed	Short answer: because DBLP is accessible through working primary access points and its metadata/dump are discoverable, so all the availability checks used to compute that metric passed.  Details and evidence from the measurements: - A1-D (Working access point(s)) = 1.0 — DBLP has an operational access point (a SPARQL endpoint).   - SPARQL endpoint URL: https://sparql.dblp.org/sparql - Metadata availability flags = 1.0:   - A1‑M / F2a‑M / F4‑M = 1.0 (metadata available via primary/standard sources and registered in searchable engines).   - Availability for download (metadata) = 1.0 and Availability of RDF dump (metadata) = 1.0. - Download URLs are present in the metadata:   - https://doi.org/10.4230/dblp.rdf.ntriples   - https://dblp.org/rdf/dblp.ttl.gz - Other supportive checks: R1.1 license retrievable = 1.0 and F3‑M (data referable via DOI) = 1.0.  Note/caveat: - Availability for download (query) / Availability of RDF dump (query) = False — meaning the RDF dump is not exposed via SPARQL query interfaces (you cannot retrieve the full dump via the endpoint), but an offline dump is listed and downloadable via the links above. The availability score counts the presence of working access points and discoverable downloads/metadata, so the dataset still scores 1.0 for availability.	0	0	0		0						
E&D_2	Does a score of amount of data equals to 0 mean that the dataset is empty?	No, it means that the amount of data cannot be computed via the SPARQL endpoint and it is not declared in the metadata.	Short answer: No — a 0 "Amount of data" score does not necessarily mean the dataset is empty. It means the automated amount-of-data metrics used to compute that score returned the lowest possible values (or were not available), but there are several reasons that can produce 0 besides the dataset literally containing no triples.  What a 0 can mean (common causes) - The dataset truly has (near) zero triples or entities.   - The SPARQL endpoint or metadata used to compute the metric was missing/unreachable, so the tool could not retrieve counts and set component metrics to 0 (or treated them as missing).   - The tool computed the score from several normalized sub‑metrics (triples, entities, properties, labels, etc.). If all sub‑metrics are 0 or missing, the linear combination yields 0.   - The dataset uses metadata formats that the checker does not recognize (VoID/DCAT missing), so counts couldn’t be read from metadata.   - A measurement or parsing error (time‑out, query failure, permission/authentication) caused the tool to record 0 or “missing” values.  How to verify whether the dataset is actually empty 1. Check endpoint / metadata availability    - Is there a working SPARQL endpoint? Is there a downloadable RDF dump or a VoID/DCAT file?   2. Run simple counts against the SPARQL endpoint (examples)    - Total triples:      SELECT (COUNT(*) AS ?triples) WHERE { ?s ?p ?o }    - Distinct subjects (entities):      SELECT (COUNT(DISTINCT ?s) AS ?entities) WHERE { ?s ?p ?o }    - Distinct properties:      SELECT (COUNT(DISTINCT ?p) AS ?properties) WHERE { ?s ?p ?o }    - Number of rdfs:label/rdfs:comment:      SELECT (COUNT(*) AS ?labels) WHERE { ?s ?p ?o FILTER(?p IN (rdfs:label, rdfs:comment)) }    Run these and see if they return non‑zero integers. 3. Inspect metadata files    - Look for VoID predicates like void:triples or DCAT/VoID metadata that describe counts.      - If a dataset URL or dump is listed, try downloading and counting triples locally (rdf-tooling / rdflib, rapper, etc.). 4. Check for measurement errors    - Look at the measurement logs: timeouts, authentication failures, or query errors often appear as None/- in the reports you pasted. Those can explain a zero score even when counts exist.  If you want, tell me: - the dataset name or the SPARQL endpoint URL (or a dump/VoID URL) and I can suggest exact queries or help interpret the other measures in your log.	0.5	1	0.5		0,5						
E&D_2	If the amount-of-data score is 0, does that mean the dataset contains no data?	No, it means that the amount of data cannot be computed via the SPARQL endpoint and it is not declared in the metadata.	Short answer: Not necessarily.  Explanation — what a 0 amount-of-data score can mean - It can mean the dataset really has (effectively) no triples or entities — i.e., empty data. - But it can also mean the measurement couldn’t be computed (missing or inaccessible metadata/endpoints) or that all underlying amount metrics evaluated to their minimum and the linear combination produced 0. - In other words, 0 = “no measurable amount of data according to the metrics used”, which covers both an actually empty dataset and cases where data is present but not discoverable by the measurement process.  Why you might get 0 even though data exists - No working SPARQL endpoint so the query-based metrics return “missing”/None (the pipeline may treat that as zero). - No VoID/metadata or RDF dump listed, so metadata-based counts are not available. - The exporter/collector couldn’t access the dump or the dump URL is offline. - Metrics are normalized; if the dataset is tiny relative to others, its normalized score might round to 0. - Measurement errors, timeouts or access restrictions.  How to tell which case applies (quick checks) 1. Check metadata fields:    - Is there a VoID file or RDF dump URL? Look at "Availability of RDF dump (metadata)", "URL for download the dataset", "Availability VoID file", "Offline dumps".    - If these are missing or show “absent” / -1, the measurement may be based on no metadata.  2. Check the SPARQL endpoint:    - Is the endpoint available? See "Sparql endpoint" or "SPARQL endpoint URL" in metadata.    - If available, run a triple-count query:      SELECT (COUNT(*) AS ?triples) WHERE { ?s ?p ?o }    - If the endpoint uses named graphs, count per graph or use COUNT DISTINCT.  3. Check metadata counts:    - Look at "Number of triples (metadata)" and "Number of triples (query)" (query is from the endpoint; metadata is from VoID/site). If both are zero/None, the scanner had no data to use.  4. Inspect other related measures:    - "Number of entities", "Number of labels/comments present on the data", "Number of blank nodes" — any non‑zero value indicates data exists even if the summary score is 0.    - "Availability for download (metadata/query)" and "Availability of RDF dump (query)" — whether dumps are accessible.  Example SPARQL counting query (copy/paste to your endpoint): - Basic triple count:   SELECT (COUNT(*) AS ?triples) WHERE { ?s ?p ?o } - Distinct subjects (entities):   SELECT (COUNT(DISTINCT ?s) AS ?subjects) WHERE { ?s ?p ?o }  If you want me to check a specific dataset from your log (e.g., w3c-wordnet, dblp-kg, NoiPA, bpr, LemmaBank), tell me which one and I can interpret the available measures in the data you pasted and give targeted steps to confirm whether it truly has no data or the score is 0 for other reasons.	0,5	0,5	0,5		0,5						
E&D_3	When the availability score is 1, does it mean that both the SPARQL endpoint and the data dump are working?	Yes	Short answer: usually yes, but not always — it depends on which availability sub‑metrics are used and how they are weighted in the score.  Explanation: - The "Availability score" is an aggregate computed from several availability checks (e.g. sparql endpoint reachable, offline RDF dump accessible, VoID/DCAT metadata present, downloadable media types, URLs for download, etc.). A score of 1 means the dataset achieved the maximum possible value for that availability aggregate. - If your availability aggregation requires both a working SPARQL endpoint and a downloadable RDF dump, a value of 1 implies both are working. But if the aggregation gives full weight to other checks (for example a dump + metadata) then it is possible to reach 1 without a functioning SPARQL endpoint (or vice versa).  What to do to be certain: - Inspect the individual availability metrics for that dataset (e.g. "Sparql endpoint", "Availability of RDF dump (query)", "Availability of RDF dump (metadata)", "Offline dumps", "URL for download the dataset", "A1-D Working access point(s)") at the same timestamp. If those sub‑measures are all positive/optimal, then availability = 1 means both SPARQL and dump are working. - If you paste the relevant individual metric entries (or the dataset name + timestamp) I can check them and tell you exactly which access points are available.	0	0	0		0						
E&D_3	if the availability score is 1, does that mean both the SPARQL endpoint and the data dump are up?	Yes	Short answer: Not necessarily.  What a score of 1 means - A availability score of 1 indicates that the dataset passed every availability check that the scoring formula includes. In other words, all the specific availability metrics considered by that scoring routine reached their "best" values. - Which checks are included varies by implementation. Typical checks are: SPARQL endpoint reachable, endpoint uses HTTPS/no auth, RDF dump advertised in metadata (VoID/DCAT), RDF dump actually downloadable, dump offered in common RDF serializations, and presence of download URLs.  Why 1 might not guarantee both are actually "up" - Some checks are based on metadata (e.g., VoID or DCAT claims that a dump exists). If the metadata is present and indicates a dump, the metadata-based check may pass even if the actual dump URL is broken. That would make the metadata-related metric true without verifying the file is reachable. - Other checks are active/live checks (try to download a dump or query the SPARQL endpoint). Only if those are part of the scoring and pass will the score reflect actual, live availability. - Implementations may weight or omit certain checks, so a score of 1 only guarantees the specific checks used by your system succeeded.  How you can confirm both are up 1. Check SPARQL endpoint responsiveness (example):    - ASK query:      curl -G --data-urlencode "query=ASK { ?s ?p ?o }" -H "Accept: application/sparql-results+json" "<SPARQL_ENDPOINT_URL>"    - Or a simple SELECT:      curl -G --data-urlencode "query=SELECT ?s WHERE { ?s ?p ?o } LIMIT 1" -H "Accept: application/sparql-results+json" "<SPARQL_ENDPOINT_URL>"    A 200 response with a valid SPARQL JSON result shows the endpoint is live.  2. Check dump URL(s):    - Head request to verify HTTP 200 and content-type:      curl -I "<DUMP_URL>"    - Full download check (no save):      curl -L -o /dev/null -w "%{http_code} %{content_type}\n" "<DUMP_URL>"    A 200 (or 302 -> 200 after redirect) and a common RDF content-type (text/turtle, application/rdf+xml, application/n-triples, etc., or an archive like .gz) indicates the dump is actually downloadable.  3. Inspect metadata measures in your reports    - Look at both "Availability of RDF dump (metadata)" and "Availability of RDF dump (query)" (or similarly named metrics). The first is metadata-based; the second is an active check. Both should be true for confidence.  If you want, tell me the dataset name (or which metric rows from your logs to inspect) and I can: - Point to the exact measures in your report that matter, or - Try the endpoint/dump checks for you (if you give the URLs).	0	0	0		0						
E&D_4	if license is set to 1, does it mean that an open license is used?	No, it means that a license is specified	Short answer: No. A value of 1 for "R1.1 Machine- or human-readable license retrievable via any primary source" means a licence is explicitly reported and retrievable from the dataset/metadata — it does not by itself mean the licence is open.  What to check next - Inspect the actual licence value (the URI or text returned). Example machine-readable values in your data: CC0, CC‑BY, CC‑BY‑SA, proprietary URIs, etc. - Determine openness by comparing that licence to an openness list (Open Definition / Creative Commons public-domain or permissive licences, SPDX identifiers).   - Open examples: CC0 / public domain (open), many CC BY and CC BY-SA variants (open, with attribution or share‑alike requirements).   - Not open: CC BY‑NC, CC BY‑ND (non‑commercial / no derivatives), “All rights reserved”, custom proprietary licences. - If you need to automate this, fetch the reported licence URI (or the dct:license / schema:license triple) and check it against a whitelist of open licences (Open Definition approved list or SPDX).  Notes about your metrics - The R1.1 measure = 1 only signals presence of a licence in metadata. The separate machine-readable / human-readable licence measures and the overall “Licensing score” are where you can see the actual licence strings or a computed openness score. Use those to decide whether a dataset is actually open.	1	1	1		1						
E&D_4	If license is set to 1, does it mean that an open license is used?	No, it means that a license is specified	No — a value of 1 only means a license is explicitly retrievable from the primary source (machine- or human-readable). It does not by itself say the license is "open".  What to do next - Inspect the actual license identifier/URI that was found (e.g. CC0, CC‑BY, Apache‑2.0, a proprietary or custom text).   - Compare that license to an openness reference (Open Definition, SPDX, or your institution's policy) to decide if it is open for your intended use.   - Also check whether the license found is machine-readable (machine vs query/metadata measures) and whether a human‑readable statement is present — presence ≠ clarity or legal sufficiency.  Example from your data - R1.1 = 1 for many datasets, but the reported licenses vary (e.g. CC0, CC‑BY, CC‑BY‑SA, Apache‑2.0). Those examples include open licenses, but R1.1 = 1 alone does not guarantee openness.	1	1	1		1						
E&D_5	If verifiability is set to 1, does it mean that all information about providers are set?	Yes	Short answer: No — not automatically.  Explanation: - A verifiability score = 1 means the dataset achieved the maximum value according to the verifiability metrics that your evaluation system computes (i.e., a linear combination of those metrics reached 1). It indicates "maximum" on the tested checks, not a logical guarantee that literally every possible provider field exists. - Which exact provider fields are implied depends on which verifiability metrics are included and how they are weighted. Common verifiability metrics include presence/retrievability of:   - Author in metadata (Author (metadata) / Author (query))   - Contributors   - Publisher information   - Sources (website/contact)   - Presence of a machine‑readable license and a human‑readable license   - Whether the provider appears in a trusted-provider list   - Whether the dataset is signed   - That metadata are available via primary sources (SPARQL/VoID/DCAT)  Caveats: - The score can be 1 even if some provider details you consider important are absent, if those details are not part of the metric set or have low weight. - A perfect score can also mask incorrect or stale metadata (fields present but wrong). Verifiability checks generally test for presence and retrievability, not semantic correctness.  How to be certain the provider information is fully set: 1. Inspect the specific verifiability metrics and their weights used to compute the score. 2. Query the dataset metadata (VoID/DCAT, dcterms, etc.) or the SPARQL endpoint to confirm:    - explicit dcterms:creator / foaf:maker / dcterms:publisher entries    - contributor lists and contact emails    - sources or homepage URLs    - license triples and human-readable license text    - presence on the trusted-provider list you care about    - dataset signature if required 3. Verify that the values are accurate and current (not just present).  If you tell me which verifiability metrics (or which evaluation tool) produced the score = 1, I can map that to the exact provider fields that were checked and recommend any extra checks to confirm completeness.	0	0	1		0						
E&D_5	If the verifiability score is 1, does it mean that all provider information is available?	Yes	Short answer: Not necessarily.  Explanation and what a Verifiability = 1 actually means - The Verifiability score here is a computed (linear) combination of specific verifiability metrics (e.g., presence of author, contributors, publisher, sources, machine‑readable license, metadata available via primary sources, “is on trusted provider list”, etc.). - A score of 1 means that, for the metrics that were included in that combination and at the time of the assessment, each measured metric reached its maximum value. In other words, all the checked verifiability checks passed. - It does NOT automatically guarantee every possible piece of provider information exists, nor that the provider information is correct, complete in every field, or trustworthy beyond what the measured metrics checked.  Limitations to be aware of - Scope: Only the specific verifiability attributes used by the score are considered. Fields that are not part of the metric set (or that could not be tested) may still be missing. - Temporal: The score is a snapshot. Metadata could have changed after the assessment. - Quality vs. presence: The score usually checks presence/format (and possibly dereferenceability), not the factual correctness of the provider details. - Missing/uncomputable metrics: If some checks could not be executed (e.g., SPARQL endpoint unreachable), they may have been excluded or treated in a way that affects the aggregate—so a 1 can only be trusted if you know all relevant subchecks were actually run.  How to confirm “all provider information” is present (quick checklist) - Inspect metadata (VoID/DCAT or dataset metadata) for:   - dcterms:creator / foaf:maker / prov:wasAttributedTo (author)   - dcterms:contributor (contributors)   - dcterms:publisher (publisher)   - dcterms:source or dcterms:references (sources)   - dcterms:license (machine‑readable license)   - dcterms:modified / dcterms:created (currency)   - contact point (dcterms:contactPoint, foaf:mbox)   - primary access points (SPARQL endpoint, dumps) and their URLs   - DOI(s) and registration in search engines - Check the actual metadata files or the SPARQL endpoint responses rather than relying only on the aggregate score. - Verify whether the provider appears on your trusted-provider list if that matters for your use-case.  If you want, I can: - Inspect a specific dataset for you (give me the dataset identifier, SPARQL endpoint or metadata/VoID URL) and list the provider fields and which ones are missing or problematic.	0	0	0,5		0						
														
														
														
														
														
Total	Total (A1)	Total (A2)	IR (All)	IR (A1)	IR (A2)	TA (All)	TA (A1)	TA (A2)	Co (All)	Co (A1)	Co (A2)	E&D (All)	E&D (A1)	E&D (A2)
0,7125	0,75	0,675	1	1	1	0,9	1	0,8	0,65	0,7	0,6	0,3	0,3	0,3