Question_ID	Request	Expected_Response	Actual_Response	Voter 1	Voter 2	Voter 3	COMMENT	FINAL						
IR_1	Retrieve the SPARQL endpoint status of NoiPA in the date September 7th, 2025?	On	On 2025-09-07 the NoiPA SPARQL endpoint was: Available  - SPARQL endpoint URL: https://sparql-noipa.mef.gov.it/sparql - Requires authentication: False - RDF dump available for download (query): False	1	1	1		1						
IR_1	Is the NoiPA SPARQL endpoint up in the last assessment?	On	Yes — in the last assessment (2025-09-07) the NoiPA SPARQL endpoint was reported as Available.  Endpoint URL: https://sparql-noipa.mef.gov.it/sparql  Notes: - No RDF dump was found (RDF dump availability = False / no dump metadata). - URIs dereferenceability was reported as 0 (non‑dereferenceable). - Authentication not required in the checks; “Use HTTPS” flag is False in the measures (possible metadata inconsistency with the https URL). 	1	1	1		1						
IR_2	Which is the amount of data of the LiLa Lemma Bank dataset?	1,699,687	The LiLa Lemma Bank has about 1,699,687 RDF triples (metadata).   Additional useful figures from the profile:  - ≈200,000 canonical forms (lemmas) (description).   - Number of triples linked (interlinking): 3,318,298.  Sources: LiLa dataset page (http://lila-erc.eu/data/id/lemma/LemmaBank) and the dataset metadata (shown above).	1	1	1		1						
IR_2	How many triples does LiLa Lemma Bank have?	1,699,687	According to the dataset metadata, the LiLa Lemma Bank contains 1,699,687 triples.   (Another reported metric — "number of triples linked" — is 3,318,298. The SPARQL-based triple count ("Number of triples (query)") is not available.) 	0.5	1	1		1						
IR_3	Which is the license of the DBLP dataset?	CC-0	The DBLP Knowledge Graph is released under CC0 — the Creative Commons Public Domain Dedication 1.0.  Machine-readable links found in the metadata: - https://creativecommons.org/publicdomain/zero/1.0/ - http://www.opendefinition.org/licenses/cc-zero 	1	1	1		1						
IR_3	How is DBLP licensed?	CC-0	The DBLP Knowledge Graph (DBLP KG) data is released under CC0 1.0 (Creative Commons Public Domain Dedication).  Evidence from the dataset metadata: - Machine-readable license URIs in the DBLP KG metadata: http://www.opendefinition.org/licenses/cc-zero and https://creativecommons.org/publicdomain/zero/1.0/ - DBLP home / RDF resources: https://dblp.org (SPARQL endpoint: https://sparql.dblp.org/sparql; RDF dump: https://dblp.org/rdf/dblp.ttl.gz, DOI: https://doi.org/10.4230/dblp.rdf.ntriples)  Note: CC0 applies to the DBLP metadata (bibliographic records). Individual publications linked from DBLP remain under their own copyright/licence terms — CC0 on DBLP does not change the copyright of the original papers. If you need a legal certainty for a particular use, check DBLP’s site/license page or contact the DBLP maintainer (listed in the metadata: Marcel R. Ackermann). 	1	1	1		1						
IR_4	Which is the accuracy score of WordNet?	0.00	The Accuracy score for WordNet (w3c-wordnet / "WordNet 2.0 (W3C)") is 0.000000 (i.e., 0.0) — this value is reported at all timestamps shown. 	1	1	1		1						
IR_4	How accurate is WordNet?	0.00	Short answer — according to the metrics you supplied, the automated "Accuracy score" for the W3C WordNet RDF (WordNet 2.0 (W3C)) record is 0.0. However, that number most likely means “no automated accuracy test was performed / no ground-truth comparison was available” rather than that WordNet itself is broadly incorrect.  What your report shows (important context) - Accuracy score (w3c-wordnet): 0.000000 (multiple timestamps) - Other trust/metadata indicators: Believability ≈ 0.8, R-score = 1.0, FAIR ≈ 3.11, license metadata present (machine-readable license), metadata available and indexed, RDF dump available. - Interlinking / interlinking completeness: 0.0 (little linking detected) - Many representational/interoperability measures are unmeasured or zero.  Interpretation - An automated "accuracy = 0" is often produced when the evaluation framework has no gold standard or no procedure to check semantic correctness for that dataset. It is not a general statement that WordNet’s lexical contents are "wrong". - WordNet (Princeton WordNet and its RDF conversions) is widely used and generally considered high-quality for many NLP tasks (lexical relations, sense inventories, synonyms, hypernyms). Its limitations are well known: sense proliferation (many fine-grained senses), outdated/ missing modern named entities or domain-specific vocabulary, and occasional mapping issues in RDF conversions or cross-resource alignments.  How to get a meaningful accuracy measurement (practical options) 1. Define the notion of accuracy you care about    - Intrinsic correctness of synset contents (definitions, synonyms, relations)?    - Correctness of RDF conversion/mapping (URIs, links, annotations)?    - Extrinsic utility (how using WordNet affects downstream task performance, e.g., word-sense disambiguation, semantic search)?  2. Intrinsic tests (examples)    - Manual sampling: sample N synsets across POS/frequency and have human annotators check correctness (report % correct).    - Compare against a gold standard lexicon or curated subset (e.g., SemCor annotations mapped to WordNet senses) and compute precision/recall/F1.    - Check relation consistency (e.g., transitive closure of hypernyms, contradictions, disjointness violations).  3. RDF/mapping tests (if you care about W3C RDF version)    - Validate that synset URIs are dereferenceable and match original Princeton IDs.    - Check that labels, definitions, and relations were converted and preserved correctly.    - Compare linking to external resources (BabelNet, DBpedia) and measure link coverage/precision.  4. Extrinsic tests    - Run WSD or information retrieval experiments with and without WordNet features; measure task performance delta.  5. Automated sampling plan I can help with    - Pick a sample size (e.g., 200 synsets stratified by POS/frequency).    - Extract relevant fields from the RDF dump (synset id, lemmas, gloss, relations).    - Compare to source (Princeton WordNet) or present to annotators.    - Produce accuracy/precision/recall numbers and a report of common error types.  If you want a quick assessment now - Tell me which kind of accuracy you care about (intrinsic synset correctness, RDF conversion fidelity, or downstream-task utility). - If you want intrinsic/RDF checks, tell me whether I should compare to Princeton WordNet (text) or to another resource (BabelNet, SemCor). I can then outline a concrete evaluation plan or run a sampled check and return numeric results and common failure modes.	1	1	1		1						
IR_5	What is the trust value of the Linked Open Camera dataset?	0.5	The trust value for the Linked Open Camera dataset (dataset id "bpr") is 0.50 (50%).   This value appears consistently across the records (timestamps: 2025-05-04, 2025-06-01, 2025-07-13, 2025-08-03, 2025-09-07).	1	1	1		1						
IR_5	How trustworthy is the Linked Open Camera dataset?	0.5	Short answer: moderately trustworthy — score 0.50 (on a 0–1 scale) in the available measures. Useable for general/exploratory tasks but treat it with caution for high‑stakes or provenance‑sensitive use.  Why (key evidence from the dataset metrics) - Trust value (metadata-based): 0.50 (2025‑05 → 2025‑09). This is an overall believability indicator and is neutral/moderate. - Strengths   - Metadata & discoverability: metadata and licensing are present and machine‑readable (A1 / R1 checks = 1.0; RDF/VoID/DCAT metadata flags present); RDF and a SPARQL endpoint are available (SPARQL endpoint: http://dati.camera.it/sparql).   - Security / access: authentication & HTTPS support and other security measures are reported as good (A1.2 / Security score = 1.0).   - Representation consistency: high representational consistency (Representational‑Consistency ≈ 0.876), and reasonable representational conciseness (~0.500), indicating the data model is stable and consistent.   - Accuracy (automated checks): moderate (Accuracy ≈ 0.60). - Weaknesses that lower trust   - Verifiability / provenance: Verifiability is low (Verifiability score ≈ 0.11), and external linking is effectively absent (Interlinking completeness ≈ 0.0). That makes it hard to trace facts back to independent primary sources.   - Dereferenceability of URIs: URIs dereferenceability ≈ 0.0 — identifiers are not practically dereferenceable, reducing on‑the‑wire linkability and human verification.   - Reputation: automated reputation measures are very low (near zero), i.e., no strong reputation signal in the evaluated sources.   - Low interlinking to other LOD resources (no outgoing links measured), which reduces independent corroboration and reuse.   - Some automated quality flags (small issues were detected in metadata/literals problems — see Triples with empty annotation / undefined properties flags).  What that means in practice - The dataset is technically well‑published (RDF, SPARQL, license, secure access) and internally consistent, so it is convenient for programmatic use and integration within controlled workflows. - However, because provenance and external linking are weak, you should be cautious if you need independently verifiable evidence, need to join this dataset confidently to external sources, or must ensure the highest data reliability (e.g., legal, medical, auditing uses).  Recommended actions to increase trustworthiness 1. Improve verifiability and provenance    - Add explicit provenance triples (prov:wasDerivedFrom, prov:wasGeneratedBy, dct:source) pointing to authoritative primary sources.    - Provide clear publisher/author/maintainer contact in metadata (if not already prominent). 2. Make URIs dereferenceable    - Configure content‑negotiation / 303 redirects or HTML landing pages for resource URIs so people and machines can resolve identifiers. 3. Increase interlinking    - Add owl:sameAs / skos:exactMatch / rdfs:seeAlso links to established external datasets (DBpedia, national authority files, etc.). 4. Improve verifiability score    - Publish human‑readable example usage and sample queries, ensure VoID or DCAT metadata includes source links, and register dataset in catalogues that provide reputation signals. 5. Boost reputation signals    - Register the dataset in recognized data catalogs, encourage citations, and document governance/curation practices.  If you want, I can: - Extract and present the full set of bpr metrics and timestamps used to compute the trust value - Produce a prioritized checklist (concrete file/metadata/SPARQL changes) you can hand to the data maintainers to raise trust from 0.5 to a higher level. Which would you prefer?	1	1	1		1						
TA_1	Is the number of triples of NoiPA retrieved via the SPARQL endpoint always the same?	No, they slightly increase over time.	No — the triple count retrieved from the NoiPA SPARQL endpoint changes over time.  Measured values (SPARQL query counts): - 2025-05-04: 412,894,535 - 2025-06-01: 419,389,676 - 2025-07-13: 432,861,574 - 2025-08-03: 439,796,613 - 2025-09-07: 446,170,057  Notes and short explanation: - The counts are increasing (from ~413M to ~446M between May and September 2025), so the dataset is being updated. - Metadata reports a fixed value of 340,000,000 triples (Number of triples (metadata)), which is lower than the live SPARQL counts — metadata appears outdated or represents a different snapshot/subset. - Variations can come from actual data additions/removals, reindexing, inference materialization, or different counting methods/queries.  If you want to reproduce or monitor the count yourself, run this query against the endpoint (https://sparql-noipa.mef.gov.it/sparql): SELECT (COUNT(*) AS ?triples) WHERE { ?s ?p ?o }  If you want, I can: - run a comparison of growth rates between dates, - craft a monitoring query/script to track counts periodically, - or help interpret discrepancies between metadata and live counts. Which would you like?	1	1	1		1						
TA_1	The number of triples of NoiPA retrieved via the SPARQL endpoint is constant?	No, they slightly increase over time.	No — it is not constant.  Summary of the observed values (SPARQL endpoint query counts): - 2025-05-04: 412,894,535 - 2025-06-01: 419,389,676 - 2025-07-13: 432,861,574 - 2025-08-03: 439,796,613 - 2025-09-07: 446,170,057  That shows a clear upward trend (total increase 33,275,522 triples from 2025-05-04 to 2025-09-07, ≈ +8.1%).  Note the metadata-reported triple count is constant at 340,000,000 across the same timestamps. So: - The SPARQL endpoint returns a growing, up-to-date triple count. - The dataset metadata (VoID/metadata) appears stale/unchanged and under‑reports the actual number (≈106M fewer than the latest query count, ~31% lower).  Why this can happen - The data are being updated on the server but the metadata file wasn’t updated. - The metadata might reflect an earlier dump or a rounded/estimated value.  If you want to verify or keep this monitored: - Run this SPARQL count: SELECT (COUNT(*) AS ?triples) WHERE { ?s ?p ?o } - Or I can help you compute growth rates, plot the trend, or draft a script to poll and log the count periodically. Which would you prefer?	1	1	1		1						
TA_2	Is the SPARQL endpoint of DBLP always available?	Yes	Short answer: No—nothing is ever guaranteed to be 100% up, but the dblp SPARQL endpoint (https://sparql.dblp.org/sparql) has been consistently available in the measurements you provided.  What the data shows - The endpoint URL recorded: https://sparql.dblp.org/sparql. - "Sparql endpoint" was reported as Available on multiple measurement dates (2025-05-04, 2025-06-01, 2025-07-13, 2025-08-03, 2025-09-07). - Query-able triple counts are large and increasing (e.g. ~1.33B → ~1.45B triples across measurements), indicating successful query responses. - Measured latencies are low (average/median around 0.1–0.2 s in the logs). - Availability/uptime scores in the logs are high (examples: 0.975, 0.745–0.74 for related services), and F1-D dereferenceability measures are high for dblp in some snapshots. - An RDF dump is advertised in metadata (https://doi.org/10.4230/dblp.rdf.ntriples and https://dblp.org/rdf/dblp.ttl.gz), though direct availability-by-query for dumps was reported False in some checks (i.e., the dump exists but a query-based download check may not have been done/succeeded).  Caveats and practical advice - “Always available” is unrealistic—maintenance, network problems, or rate limits can cause outages. The provided measurements show consistent availability over several months but do not prove perpetual uptime. - For heavy or bulk processing, prefer downloading the official RDF dump (the DOI / ttl.gz links) rather than relying on repeated large SPARQL queries against the live endpoint. - If you depend on the SPARQL endpoint in production, add retries/backoff, caching, and monitoring (and consider contacting DBLP maintainers for SLA or mirror options). - To check current live status yourself: perform a small test query (ASK { ?s ?p ?o } LIMIT 1) or hit the endpoint URL and watch for HTTP errors/timeouts.  If you want, I can: - Run a quick live SPARQL health-check now (if you want me to try querying it), or - Provide example test queries and a small Python script to monitor the endpoint.	1	0	1		1						
TA_2	Is the DBLP SPARQL endpoint always up?	Yes	Short answer: No — not literally always. It is highly available but has had at least one observed outage.  Supporting details from the checks you provided: - SPARQL endpoint URL: https://sparql.dblp.org/sparql - Status observations (May–Sep 2025): the endpoint was reported as "Available" on multiple dates (2025-05-04, 2025-06-01, 2025-07-13, 2025-08-03, 2025-09-07). - Availability/health metrics:   - Availability score values around 0.975–1.0 in earlier checks.   - Median / average latency reported ~0.1–0.2 s (100–200 ms) — i.e. responsive when up.   - Large dataset (number of triples ~1.33–1.45 billion in different checks). - Evidence of downtime: an "Inactive links" measure for dblp-kg on 2025-09-07 shows True (an outage or non-dereferenceable link observed), so the endpoint was not accessible at that check. - RDF dumps: downloadable dumps are listed (e.g. https://doi.org/10.4230/dblp.rdf.ntriples and https://dblp.org/rdf/dblp.ttl.gz) — useful as fallbacks.  Recommendations if you depend on the endpoint: - Implement retries with exponential backoff and reasonable timeouts. - Cache query results where possible to reduce dependency on live availability. - Fallback to the RDF dumps (the two links above) when the endpoint is down. - Monitor the endpoint (regular health checks) and alert on failures so you can switch to fallback data quickly.  If you want, I can: - produce a short health-check script (curl or Python) you can run to monitor the endpoint, or - generate example retry/caching code for your client. Which would you prefer?	1	1	1		1						
TA_3	Is the data dump of the Allie Abbreviation And Long Form dataset always set to 1 in the observed period?	No, it is discontinuous	No.  The "Availability of RDF dump (metadata)" for Allie is 1.0 at these timestamps: - 2025-05-04: 1.0 - 2025-06-01: 1.0 - 2025-07-13: 1.0 - 2025-08-03: 1.0  But on 2025-09-07 the same measure is 0.0. So it was not always set to 1 during the observed period.	1	1	1		1						
TA_3	Is the data dump of the Allie Abbreviation And Long Form dataset always up?	No, it is discontinuous	Short answer: No — the dump is not reliably "always up."  What the measurements show - The dataset provides an RDF dump location in metadata/offline-dump fields (e.g. ftp://ftp.dbcls.jp/allie/allie_rdf/allie_rdf_nt_latest.gz) and a SPARQL endpoint (http://data.allie.dbcls.jp/sparql) and site (http://allie.dbcls.jp/). - However, repeated runtime checks (multiple timestamps: 2025-05 → 2025-08) report:   - Availability for download / Availability of RDF dump (query): False   - Inactive links: True   - Availability according to metadata (VoID/metadata) is sometimes present (metadata lists the dump), but direct availability checks show the dump/offline link was not reachable. - On 2025-09-07 the metadata-based availability also reports the RDF dump unavailable (metadata = 0), reinforcing that the dump was not reachable at that time.  Interpretation - The dump URLs exist in the dataset metadata and an FTP dump is provided by DBCLS, but automated availability probes indicate the dump/links have been intermittently or periodically unavailable. - In short: the dump exists but is not guaranteed to be continuously online.  If you need to access the dump reliably 1. Try the FTP dump directly (example):    - ftp://ftp.dbcls.jp/allie/allie_rdf/allie_rdf_nt_latest.gz    - Command examples:      - curl -I "ftp://ftp.dbcls.jp/allie/allie_rdf/allie_rdf_nt_latest.gz"      - wget "ftp://ftp.dbcls.jp/allie/allie_rdf/allie_rdf_nt_latest.gz"    - Note: FTP servers may require passive mode or anonymous login; some clients behave differently. 2. Use the SPARQL endpoint while the dump is unavailable:    - http://data.allie.dbcls.jp/sparql    - Query the endpoint if you only need subsets rather than the whole dump. 3. If you repeatedly encounter downtime, contact the publisher/host:    - Publisher listed in metadata: Database Center for Life Science (contact: info AT dbcls.rois.ac.jp) or check http://allie.dbcls.jp/ for notices. 4. Automate: If you depend on the dump, schedule periodic checks and cache a local copy when available.  If you want, I can: - Try a live check of the FTP URL / SPARQL endpoint now (if you allow me to attempt network access), or - Provide a small script (wget/curl) you can run to periodically monitor availability and download the dump when it becomes reachable.	1	1	1		1						
TA_4	Is the accuracy of NoiPA constant over time?	No	Short answer: No — it's not strictly constant, but it is essentially stable.  Observed accuracy values for NoiPA: - 2025-05-04: 0.999700 - 2025-06-01: 0.999700 - 2025-07-13: 0.999660 - 2025-08-03: 0.999660 - 2025-09-07: 0.999660  Interpretation: - There is a small drop from 0.999700 to 0.999660 between June and July (an absolute change of 0.00004, ≈0.004% relative). - From 2025-07-13 onward the value is constant at 0.999660.  If you want, I can: - plot the time series, - compute statistical trend/noise significance, or - check for underlying causes in the measured metrics that changed around July.	1	1	1		1						
TA_4	Does the accuracy of NoiPA remain consistent over time?	No	Short answer: Yes — essentially. The accuracy stays extremely high and almost unchanged across the snapshots, with only a tiny drop in mid-July that then persisted.  Measured Accuracy (NoiPA) - 2025-05-04: 0.999700 - 2025-06-01: 0.999700 - 2025-07-13: 0.999660 - 2025-08-03: 0.999660 - 2025-09-07: 0.999660  Interpretation - The absolute change is 0.000040 (0.004% relative change from 0.999700) — negligible in practical terms.   - After 2025-06-01 there is a very small drop (to 0.999660) that remains stable thereafter.  If you want to investigate further - I can plot the trend over time.   - Run a diff between the snapshots (before/after 2025-07-13) to find which triples/records changed and whether they caused the accuracy change.   - Check the evaluation method and sample sizes used to compute accuracy (small-sample effects can explain minute fluctuations).   - Set an alert threshold (e.g., >0.1% change) if you want to be notified of meaningful accuracy regressions.  Tell me which follow-up you prefer and I’ll proceed.	1	0	1		1						
TA_5	What is the longest continuous period in which the Allie Abbreviation And Long Form dataset data dump has been equals to 1?	91 days	The Availability of RDF dump (metadata) was 1 continuously from 2025-05-04 through 2025-08-03 (observed values 2025-05-04, 2025-06-01, 2025-07-13, 2025-08-03). Duration = 91 days.	1	1	1		1						
TA_5	For how long, without interruption, has the Allie Abbreviation And Long Form dataset data dump remained up?	91 days	Using the monitoring records you gave, the RDF dump for "Allie Abbreviation And Long Form Database in Life Science" was listed as available on every check from 2025-05-04 through 2025-08-03. That is an uninterrupted period of:  - 2025-05-04 → 2025-08-03 = 91 days  On 2025-09-07 the metadata field "Availability for download (metadata)" is 0.0 (and some availability-related metrics change), indicating the dump was reported unavailable by that date.  So, based on these logs: the dump remained up for at least 91 consecutive days (2025-05-04 to 2025-08-03). If you want, I can (a) check the exact FTP URL now to see whether the dump is currently reachable, or (b) extract and show the specific measurements that support this timeline.	1	1	1		1						
Co_1	Which dataset has the highest number of triples?	DBLP	The dblp-kg dataset has the most triples: 1,452,862,425 triples (measure value 1,452,862,425 recorded on 2025-09-07).    For context, the next largest datasets (query counts) are NoiPA ≈ 446,170,057 (2025-09-07) and allie ≈ 439,796,613 (2025-08-03).	1	1	1		1						
Co_1	Which is the biggest dataset among the compared ones?	DBLP	The dblp knowledge graph (dblp-kg) — it is the largest: about 1.33–1.45 billion triples (e.g. 1,335,106,894 triples at 2025-05-04 and 1,446,280,845 triples at 2025-07-13). For comparison, NoiPA ≈ 419–446 million triples and bpr ≈ 352–354 million.	1	1	1		1						
Co_2	Which is the dataset performing worst in the license metric?	CIDOC-CRM	CIDOC-CRM — Licensing score = 0.000000 (measured repeatedly at 2025-05-04, 2025-06-01, 2025-07-13, 2025-08-03 and 2025-09-07).   This indicates no retrievable license was found (machine- or human-readable). To improve, publish a clear license in the dataset metadata (and make it machine-readable, e.g. schema:license / dct:license or VoID/metadata with a SPDX/CC URL).	1	1	1		1						
Co_2	Which is the worst performing dataset in the license metric?	CIDOC-CRM	The worst performing dataset on the licensing metric is CIDOC-CRM — Licensing score = 0.000000 (seen at multiple timestamps, e.g. 2025-05-04, 2025-06-01, 2025-07-13, 2025-08-03, 2025-09-07).	1	1	1		1						
Co_3	What is the mean score for the accuracy dimension?	0.50	Do you mean the mean across all Accuracy score measurements in this file, or something else (e.g., the mean of the latest Accuracy value per dataset, or the mean for a specific dataset or date)?   Tell me which scope you want and I’ll compute the mean and show the values used.	0	0	0		0						
Co_3	What is the mean value of the accuracy dimension?	0.50	I found 45 "Accuracy score" values in the data (across datasets/timestamps). Their sum is 25.198354, so the mean accuracy is:  Mean = 25.198354 / 45 ≈ 0.559963  Rounded: 0.55996 (≈55.996%).	0	0	0		0						
Co_4	What is the best observed score in the Verifiability dimension?	0.4983 (NoiPA, Allie, Bathing Water Quality)	The highest observed Verifiability score is 0.498333 — seen for datasets including NoiPA, allie-abbreviation-and-long-form-database-in-life-science and environment-agency-bathing-water-quality (at various timestamps).	1	0,5	1		1						
Co_4	What is the highest observed Verifiability score?	0.4983 (NoiPA, Allie, Bathing Water Quality)	The highest Verifiability score observed is 0.498333. It appears for (at least) these datasets: NoiPA, allie-abbreviation-and-long-form-database-in-life-science, and environment-agency-bathing-water-quality.	1	0,5	1		1						
Co_5	What are the highest-performing dimensions in September 2025?	License, Performance, Accuracy, Believability, Currency, Timeliness, Security, Conciseness and Interpretability	Short answer — based on the measures recorded at timestamps on/around 2025-09-07, the strongest (highest‑scoring) dimensions were:  - Performance   - Examples: NoiPA and dblp-kg show Performance score = 1.00 (2025-09-07).   - Availability / Availability-related checks   - Examples: dblp-kg Availability score = 1.00 (2025-09-07); several datasets report availability-of-dump / metadata-registration flags = 1.00.   - Accuracy   - Example: bpr Accuracy score = 1.00 (2025-09-07); NoiPA shows very high Accuracy ≈ 0.9997 on nearby timestamps.   - Security   - Example: bpr Security score = 1.00 (2025-09-07).   - Interpretability   - Examples: NoiPA Interpretability score = 1.00 (2025-09-07); bpr Interpretability ≈ 0.9979 (2025-09-07).    Notes and caveats: - These are dataset‑specific measurements (the file contains per‑dataset scores). “Highest‑performing dimensions” above are those that reached (or nearly reached) top values in the September 2025 snapshot for at least one dataset in the provided data. - If you want a single aggregated ranking across all datasets (e.g., average dimension scores across datasets for September 2025), tell me which aggregation (mean/median, include which datasets) and I’ll compute it.	0	0	0		0						
Co_5	What are the dimensions performing better in September 2025?	License, Performance, Accuracy, Believability, Currency, Timeliness, Security, Conciseness and Interpretability	Looking at the measures with timestamp 2025-09-07, the strongest-performing quality dimensions (highest scores / best indicators) are:  - Interpretability (Representational)   - Example: Interpretability score = 0.9979 (dataset: bpr)   - Meaning: metadata/representations are highly understandable for consumers.  - Security / Availability (Accessibility)   - Example: Security score = 1.00 (dataset: bpr); A1.2 Authentication & HTTPS support = 1.00 (bpr)   - Meaning: endpoints use HTTPS and related security measures are in place.  - Accuracy (Intrinsic)   - Example: Accuracy score = 1.00 (dataset: bpr); Accuracy ≈ 0.9997 (NoiPA in earlier snapshots)   - Meaning: data values appear correct/consistent with expectations for that dataset.  - Representational consistency / Interoperability   - Example: Representational-Consistency = 0.8762 (bpr)   - Meaning: consistent use of representation patterns/vocabularies within the dataset.  - Conciseness (Intrinsic / Representational)   - Example: Conciseness score = 0.8843 (bpr)   - Meaning: compact/non-redundant representations (good extensional/intensional conciseness).  - Availability / Metadata (Accessibility / FAIR)   - Example measures = A1-M / A2-M / F2a-M = 1.00 for several datasets (e.g., bpr, NoiPA, w3c-wordnet) and Availability-of-RDF-dump = 1.00 (bpr)   - Meaning: metadata and RDF dumps are discoverable/available via primary sources and search engines.  Notes and caveats - The high scores above are dataset-specific (many of the best values come from the bpr dataset on 2025-09-07, with supporting values also for NoiPA/dblp-kg/w3c-wordnet in some areas). They do not represent a single global average across all KGs unless you ask me to compute that. - Some dimensions or datasets have missing/limited measures on that date, so absence of a high value does not always mean poor quality. - If you want, I can (a) produce a ranked list of dimensions averaged across all datasets for 2025-09-07, or (b) show per-dataset top dimensions for that date. Which would you prefer?	0	0	0		0						
E&D_1	Why is the availability score equals to 1 for the DBLP dataset?	Because all the metrics in the availability dimension can be correctly computed	Short answer: because the automated availability metrics for dblp-kg show that the dataset exposes working access points and metadata that advertise downloadable dumps and standard discovery channels, so the availability aggregate (a linear combination of those metrics) reaches the maximum.  What in the records causes that: - SPARQL endpoint present and reachable:   - "Sparql endpoint: Available" (multiple timestamps).   - SPARQL endpoint URL: https://sparql.dblp.org/sparql.   - A1-D Working access point(s) = 1.0. - RDF dump information is present in metadata:   - Availability of RDF dump (metadata) = 1.0 (several timestamps).   - Availability for download (metadata) = 1.0.   - URL for download the dataset listed: ['https://doi.org/10.4230/dblp.rdf.ntriples', 'https://dblp.org/rdf/dblp.ttl.gz']. - Metadata and discovery indicators:   - F2a/F2b metadata availability = 1.0 / high values.   - F4-M (metadata registered in a searchable engine) = 1.0. - Supporting items present in metadata (media types, license info, publisher/contact data) which all increase the availability-related score components.  Caveats you should know - Some runtime checks for actual download via the query check reported Availability of RDF dump (query) = False (i.e. the dump check via the endpoint failed), so the metadata advertises the dump but an on-the-fly query/download test may have failed at the measurement time. - There are a few conflicting indicators at specific timestamps (e.g. "Use HTTPS" flags or inactive-link checks). The availability score is based mainly on presence of working access points and metadata, not only on a single live-download test. - Availability is time-dependent; the score reflects the measured metric values at the timestamp(s) shown.  If you want, I can: - Try to fetch the two download URLs and report whether the dumps are actually downloadable right now, and/or - Run a few SPARQL queries against https://sparql.dblp.org/sparql to confirm endpoint responsiveness.	0	0	0.5		0						
E&D_1	Why does the DBLP dataset have an availability score of 1?	Because all the metrics in the availability dimension can be correctly computed	Short answer: because every required access channel and metadata indicator used by the availability metric is present for DBLP — the SPARQL endpoint is reachable and the dataset metadata identifies downloadable RDF dumps (including a DOI), license and HTTPS are available, and the dataset is registered — so the aggregated availability sub-measures all get full marks and the computed availability score is 1.0.  What the record shows (examples from your measurements) - SPARQL endpoint: "Available" (SPARQL endpoint URL = https://sparql.dblp.org/sparql). - A1‑D Working access point(s) = 1.0 (operational access point). - Availability for download (metadata) = 1.0 and Availability of RDF dump (metadata) = 1.0. - URL for download the dataset (in metadata) = ['https://doi.org/10.4230/dblp.rdf.ntriples', 'https://dblp.org/rdf/dblp.ttl.gz']. - F3‑M Data referrable via a DOI = 1.0. - F2a‑M / A1‑M / F4‑M (metadata via standard sources, metadata via working primary sources, metadata registered in searchable engine) = 1.0. - A1.2 Authentication & HTTPS support = 1.0. - R1.1 (license retrievable) = 1.0.  Why that produces 1.0 - The availability score is an aggregate of several availability checks (working access point, downloadable dump indicated in metadata, metadata registration, authentication/HTTPS, license availability, etc.). For DBLP those checks are satisfied via the operational SPARQL endpoint plus explicit metadata pointing to RDF dumps (and a DOI), so the aggregator gives the maximum availability score.  One important caveat - You have a few "query-based" flags that are False (for example "Availability of RDF dump (query) = False"), because the dump may not be directly downloadable via the SPARQL interface or some query-based download test failed. Those negative query results did not outweigh the positive metadata+endpoint evidence used by the availability metric, so the overall availability score remains 1.0.  If you want, I can: - show the exact availability sub-measure weights/formula used to compute the final score, or - list the timestamps / full values used for the aggregation.	0	0	0.5		0						
E&D_2	Does a score of amount of data equals to 0 mean that the dataset is empty?	No, it means that the amount of data cannot be computed via the SPARQL endpoint and it is not declared in the metadata.	Short answer: No — a 0 amount-of-data score does not always mean the dataset is empty. It means the system assigned the minimum value for that dimension, which can happen for several reasons.  Why a 0 can occur - The dataset really is empty (no triples) — then counts like Number of triples (query/metadata) would be 0. - The measurement inputs are missing/unavailable (SPARQL endpoint down, VoID/metadata absent, RDF dump not accessible). The scorer then often treats the submetrics as 0 or “insufficient data” and the combined score becomes 0. - The system uses a normalized/thresholded scoring formula: if all amount-of-data submetrics fall into the lowest bucket the combined score is 0, even if there are some triples. - A measurement error (query failure, timeout, permission/authentication issue) produced no valid inputs and thus a zero score.  How to confirm which case applies 1. Check raw counts in the measurement output    - Number of triples (query) and Number of triples (metadata)    - Number of entities    - Number of labels/comments present on the data    If any of these are nonzero, the dataset is not empty.  2. If a SPARQL endpoint is available, run a simple count:    - Count triples:      SELECT (COUNT(*) AS ?triples) WHERE { ?s ?p ?o }    - Count distinct subjects (approx. entities):      SELECT (COUNT(DISTINCT ?s) AS ?entities) WHERE { ?s ?p ?o }    If these return > 0 the dataset contains data.  3. If you have an RDF dump, inspect it:    - wc -l dump.nt (for N-Triples/N-Quads) or use a triple counter tool.    - Check metadata (VoID, dataset description) for void:triples or similar.  4. Check availability/errors:    - Is the SPARQL endpoint online? (the system typically records endpoint availability)    - Are there error or “- / None / absent” values in the measurement fields? Those indicate missing input.  Example signs in your measurement export - Missing/None values (or “-”) for Number of triples (query) indicate the endpoint was not queried or not available. - A score of 0 with non-empty metadata fields suggests the scoring formula/thresholds produced 0 rather than the dataset being empty.  If you’d like, tell me the dataset name (or paste the few lines around its amount-of-data measures in your report) and I can show which of the above applies and give the exact SPARQL queries/commands to run.	0,5	0	0,5		0,5						
E&D_2	If the amount-of-data score is 0, does that mean the dataset contains no data?	No, it means that the amount of data cannot be computed via the SPARQL endpoint and it is not declared in the metadata.	Short answer: No — a 0 amount-of-data score does not necessarily mean the dataset actually contains zero triples. It usually means the assessment could not find (or could not use) evidence of the amount of data, or that the aggregated metric(s) used to compute that score evaluated to zero.  Why a 0 score can occur (common causes) - Missing metadata: there is no VoID/metadata entry that lists triple/entity counts. In your extract many entries show "VoID file absent". - No reachable query endpoint: the SPARQL endpoint is missing or offline, so the system could not run a COUNT query (many fields show measure value: None or "-"). - RDF dump not available or not accessible: the checker may set low/zero score when it cannot download/inspect a dump. - Aggregation or weighting: the overall amount-of-data score is a linear combination of individual metrics. If the metrics that were available are zero or unavailable, the combined score can be 0. - Implementation choice: some tools treat "insufficient data" or "not measurable" as 0 rather than "unknown", producing a 0 score even when data exists but is not discoverable by the checker.  How you can check whether the dataset actually contains data 1. Check metadata/VoID    - Look for a VoID file, dataset metadata or dataset URL and see if it lists void:triples or void:entities. 2. Test the SPARQL endpoint (if present)    - Try a simple count:      SELECT (COUNT(*) AS ?triples) WHERE { ?s ?p ?o }    - Or:      SELECT (COUNT(DISTINCT ?s) AS ?entities) WHERE { ?s a ?type }  (if appropriate)    - If the endpoint is offline you’ll get no response; that explains a 0 score. 3. Inspect an RDF dump (if available)    - Download RDF dump and count triples (example shell approaches):      - For an N‑Triples file: wc -l dataset.nt      - Using an RDF tool: rapper -i turtle dataset.ttl | wc -l  (or rdfpipe/rdfstat)    - If you can count triples in the dump, then the dataset clearly contains data. 4. Search for other indicators in the assessment output    - Fields to check: "Number of triples (metadata)", "Number of triples (query)", "Number of entities", "Availability of RDF dump (metadata/query)", "Sparql endpoint" — if these are blank, None, or indicate absence, that’s why the score is zero. 5. Check access (URIs, dereferenceability)    - Verify dataset URLs, RDF dump links and SPARQL endpoint URLs are correct and reachable via HTTPS/HTTP.  What to do if you want the score to reflect actual data - Publish VoID or metadata listing triple/entity counts. - Make an RDF dump or a working SPARQL endpoint available and ensure it is reachable by the assessment tool. - Provide downloadable dump links or update the dataset metadata so automated checks can read counts.  If you want, tell me which dataset (or paste the dataset name/URL from your extract) and I can point to the specific fields in your data that caused the amount-of-data score to be 0 and suggest the minimal fix.	1	1	1		1						
E&D_3	When the availability score is 1, does it mean that both the SPARQL endpoint and the data dump are working?	Yes	Short answer: Not automatically — you need to check the individual availability measures.  Longer explanation (brief): - The Availability score is a composite (linear combination) of several availability checks (e.g. SPARQL endpoint availability, RDF dump availability detected by query, RDF dump availability reported in metadata, download URL / offline dumps, etc.). - An Availability score of 1 means that all the availability checks used in the score calculation passed. In practice that usually implies the dataset has at least one working access point and that RDF dump availability/ downloadability checks also passed — but the exact meaning depends on which sub-measures your scoring implementation includes and how they are weighted. - Therefore, to be certain whether both a SPARQL endpoint and a downloadable RDF dump are working, inspect these specific measures for the dataset:   - "Sparql endpoint" (Available / Offline / -)   - "Availability of RDF dump (query)"   - "Availability of RDF dump (metadata)"   - "Availability for download (query/metadata)"   - "Offline dumps" / "URL for download the dataset"   - "A1‑D Working access point(s)"  If you tell me the dataset name (or paste the relevant measures), I can read those indicators and confirm whether both the SPARQL endpoint and the dump are actually working.	0	0	0		0						
E&D_3	if the availability score is 1, does that mean both the SPARQL endpoint and the data dump are up?	Yes	Short answer: not necessarily.  What an availability score = 1 means - The availability score is an aggregate (linear combination) of several availability sub-measures (e.g., presence/health of a SPARQL endpoint, presence of downloadable RDF dumps in metadata, “offline dumps” listed, dereferenceable download URLs, etc.). So a 1 normally indicates a perfect score for the sub-measures that the evaluator included — but which sub-measures were included and how they are weighted determines exactly what passed.  Why you should still check the sub-measures - The aggregate alone doesn’t tell you which access methods are actually up. For example:   - The metadata may claim a dump is available (giving the dump-related sub-measure full credit) while the file URL is stale.   - A dataset might score full points because metadata/VoID and a searchable registry are present even if a query endpoint is down. - Therefore a score of 1 is a good sign, but you should verify the concrete access points listed in the sub-measures.  What to inspect to be sure - Sparql endpoint: look for the sub-measure "Sparql endpoint" (Available/Offline) and the "SPARQL endpoint URL". - RDF dump availability: check "Availability of RDF dump (metadata)", "Availability for download (metadata)", "Offline dumps", and "URL for download the dataset". - A1-D / A1-M measures: "A1-D Working access point(s)" and "A1-M Metadata availability via working primary sources". - Any authentication / HTTPS flags: "Use HTTPS" and "Requires authentication".  Quick practical checks - Check the SPARQL endpoint responds:   - HEAD: curl -I 'https://example.org/sparql'   - Test a simple query: curl -G 'https://example.org/sparql' --data-urlencode 'query=SELECT * WHERE {?s ?p ?o} LIMIT 1' -H 'Accept: application/sparql-results+json' - Check the dump URL(s):   - HEAD or download: curl -I 'https://example.org/dataset.ttl' or curl -L -o /dev/null 'https://example.org/dataset.nt.gz'   - Verify content-type and size. - Check metadata/VoID pages listed in the evaluation for download links and license info.  Recommendation - If you rely on both programmatic queries and offline processing, verify both the SPARQL endpoint and at least one downloadable dump (or an authoritative metadata file that points to a dump) using the steps above — don’t rely on the aggregate alone.	0	0	0		0						
E&D_4	if license is set to 1, does it mean that an open license is used?	No, it means that a license is specified	No — a value of 1 for the license metric only means a license was explicitly reported and retrievable (machine‑ or human‑readable). It does not by itself mean the license is "open".  Why: - The metric R1.1 (as shown in your data) is defined as "1: license explicitly reported; 0: otherwise" — i.e. presence/retrievability. - Whether a reported license is open depends on the license itself (its text/conditions), not on the fact a license exists.  How to tell if a reported license is open 1. Inspect the reported license identifier/URL (e.g. the metric entries that include URIs such as http://www.opendefinition.org/licenses/cc-by , https://creativecommons.org/publicdomain/zero/1.0/, https://www.apache.org/licenses/LICENSE-2.0/). 2. Normalize the identifier (map to SPDX or canonical license URL) to avoid language/deed variants. 3. Check the license against an openness reference (Open Definition approved list, SPDX category, or examine the permissions/restrictions). Open examples in your data: CC0, CC-BY, CC-BY-SA, Apache-2.0. 4. Watch for restrictive clauses (NC, ND) or "all rights reserved" — those are not open even if retrievable.  If you want, I can: - Scan the license URIs in your dataset and mark which ones are Open Definition / SPDX open licenses vs. non‑open or ambiguous, or - Provide a short mapping table from the license URIs in your data to "open / restricted / unknown".	1	1	1		1						
E&D_4	If license is set to 1, does it mean that an open license is used?	No, it means that a license is specified	Short answer: No — a value of 1 just means a license was found/retrievable from a primary source. It does not by itself mean the license is "open".  Explanation and what to do next - What 1 means here: the R1.1 / "license retrievable" measure = 1 means the dataset metadata or primary source explicitly reports a license (machine- and/or human‑readable) and the measurement tool could recover it. - What 1 does not mean: it does not assert the license grants open reuse. A license can be present but restrictive (e.g., non‑commercial, no derivatives, or proprietary). - How to check openness:   1. Read the recovered license identifier/URL (machine-readable field or metadata). Example identifiers in your data: http://creativecommons.org/licenses/by/4.0/, http://www.opendefinition.org/licenses/cc-by-sa, https://www.apache.org/licenses/LICENSE-2.0, https://creativecommons.org/publicdomain/zero/1.0/, http://reference.data.gov.uk/id/open-government-licence, etc.   2. Resolve that URL and inspect the license text/summary. Look for restrictive clauses (NC, ND), share‑alike obligations (SA), or explicit public domain (CC0).   3. Compare against authoritative lists:      - Open Definition / Open Knowledge Foundation approved licenses (http://opendefinition.org/licenses/)      - Creative Commons license family (CC0, CC BY, CC BY-SA are considered open; CC BY-NC or CC BY-ND are not fully open)      - OSI / SPDX for software-style licenses (Apache-2.0, MIT, BSD are permissive)   4. If you need an automated check, map the recovered license URI or SPDX id to a whitelist/blacklist of open licenses (or to a permissiveness category). If the tool cannot map the URI, fetch the text and look for key terms (or flag for manual review). - Notes about "openness" nuance:   - "Open" usually means the license conforms to the Open Definition: permits free use, reuse and redistribution (possibly with attribution). Share‑alike is generally allowed under "open" but may affect compatibility for derivative works.   - A dataset licensed CC0 or public-domain-equivalent = maximally open. CC BY = open with attribution requirement. CC BY-SA = open with share‑alike. CC BY‑NC or ND = not open for many use cases.  If you want, I can: - Take the license URIs from a dataset (or from the records you showed) and classify each as open / partially open / not open, or - Provide a small script or lookup table (SPDX/OpenDefinition) you can use to automatically decide openness from the license URI.	1	1	1		1						
E&D_5	If verifiability is set to 1, does it mean that all information about providers are set?	Yes	Short answer: No.  What verifiability = 1 means - It means the verifiability metric(s) used in the score calculation all attained their best values — i.e., the specific checks the system runs for "verifiability" succeeded (for example: machine‑readable license present, metadata discoverable via a primary source, VoID/DCAT predicates used, SPARQL endpoint or dump reachable, etc.). - In other words, every verifiability submetric that contributes to that score is satisfied.  Why that does not automatically mean “all provider information is set” - The verifiability dimension typically covers a defined set of checks (presence/retrievability of metadata, license, endpoints, signatures, etc.). It does not necessarily include every conceivable provider field (e.g., every contact email, full contributor list, organizational unit, external registry entries). - Scores are aggregated (often weighted). A score of 1 can only tell you the measured checks passed — not that metadata is complete beyond those checks, nor that the provider identity is correct/trustworthy. - Verifiability ≠ authenticity or reputation. Fields can be present and machine‑readable but still inaccurate or forged.  How to confirm the provider information you care about 1. Inspect the underlying verifiability submetrics (the system output contains them). Look for fields such as:    - Author (metadata) / Author (query)    - Publisher    - Contributor    - Sources (website, name, email)    - Is on a trusted provider list    - License (machine-/human‑readable)    - VoID file URL / Availability VoID file    - Signed 2. Open the dataset’s VoID/DCAT metadata, SPARQL endpoint or distribution to verify the exact provider strings (names, emails, organization URIs). 3. If you need assurance of identity/trust, check external registries or the “Is on a trusted provider list” metric, and corroborate provider identity outside the dataset (institutional website, DOIs, catalog entries). 4. If provenance is critical, prefer datasets with cryptographic signing + clear publisher/maintainer contact and registration (DOI / catalog).  If you want, I can: - Show how to locate the specific verifiability submetrics in your exported metrics (I see many of them in the data you pasted), or - Run a checklist against a particular dataset entry (e.g., check Author, Publisher, Sources, License, VoID) and report which provider fields are present.	0	0	0,5		0						
E&D_5	If the verifiability score is 1, does it mean that all provider information is available?	Yes	Short answer: No — a verifiability score of 1 means the dataset passed all the automated verifiability checks that were included in that score calculation at that time, not that literally "every possible piece of provider information" exists or has been independently validated.  Details and caveats: - What a 1 means   - It means every verifiability metric used by the scoring system returned its maximum (or the expected) value for that evaluation run (e.g., required metadata fields were found where the checker looked, the dataset was registered where required, signatures or license identifiers were present if those checks were included, etc.).   - The score is specific to the set of checks, their definitions and weights, and the timestamp of the measurement.  - What a 1 does not guarantee   - It does not guarantee that provider information is exhaustive (there may be additional provenance or contact fields that were not part of the automated checks).   - It does not guarantee that provider information is correct, current, or independently vetted — only that it is present/expressed in the places and forms the checker searched for.   - It does not guarantee the dataset is trustworthy or accurate (verifiability is only one dimension; believability/reputation/accuracy are separate).   - It does not protect against false positives or missed items if metadata is present but malformed or stored in an unexpected location the tool did not inspect.  - Practical follow-ups you should do even if verifiability = 1   - Manually inspect metadata (VoID/DCAT, dataset landing page, SPARQL endpoint responses) to confirm author, contributors, publisher and sources are properly named and contactable.   - Verify claimed trusted-provider status against the authoritative trusted-provider list(s).   - Check for a machine-readable license and human-readable license text and the DOI/unique identifier if applicable.   - If available, validate any digital signatures or provenance statements, and confirm modification/update dates.   - Cross-check contact emails/URLs and, if needed, reach out to the provider for confirmation.  If you want, tell me which dataset and timestamp from your records you’re looking at and I can list exactly which verifiability checks passed and which specific provider fields were found.	0	0	0.5		0						
														
														
														
														
														
Total	Total (A1)	Total (A2)	IR (All)	IR (A1)	IR (A2)	TA (All)	TA (A1)	TA (A2)	Co (All)	Co (A1)	Co (A2)	E&D (All)	E&D (A1)	E&D (A2)
0,7375	0,725	0,75	1	1	1	1	1	1	0,6	0,6	0,6	0,35	0,3	0,4