Question_ID	Request	Expected_Response	Actual_Response	Colonna 5	Colonna 6	Column 9	Colonna 7	FINAL						
IR_1	Retrieve the SPARQL endpoint status of NoiPA in the date September 7th, 2025?	On	Available	1	1	1		1						
IR_1	Is the NoiPA SPARQL endpoint up in the last assessment?	On	Yes, according to the data, the NoiPA SPARQL endpoint was available in the last assessment.	1	1	1		1						
IR_2	Which is the amount of data of the LiLa Lemma Bank dataset?	1,699,687	The amount of data of the LiLa Lemma Bank dataset is 0.333333.	0	0	0		0						
IR_2	How many triples does LiLa Lemma Bank have?	1,699,687	3318298	0	1	0		0						
IR_3	Which is the license of DBLP?	CC-0	The license of the DBLP dataset is Creative Commons Zero (CC0).	1	1	1		1						
IR_3	How is DBLP licensed?	CC-0	DBLP is licensed under the Creative Commons Zero (CC0) license, which means that the data is dedicated to the public domain and can be used freely without any restrictions.	1	1	1		1						
IR_4	Which is the accuracy score of WordNet?	0.00	The accuracy score of WordNet is 0.	1	1	1		1						
IR_4	How accurate is WordNet?	0.00	WordNet has an accuracy score of 0.000000, indicating that its accuracy is unknown or not applicable.	1	1	1		1						
IR_5	What is the trust value of the Linked Open Camera dataset?	0.5	The trust value of the Linked Open Camera dataset is 0.750000.	0	0	0		0						
IR_5	How trustworthy is the Linked Open Camera dataset?	0.5	The Linked Open Camera dataset has a trust value of 0.750000, which indicates a moderate level of trustworthiness.	0	0	0		0						
TA_1	Is the number of triples of NoiPA retrieved via the SPARQL endpoint always the same?	No, they slightly increase over time.	Yes	0	0	0		0						
TA_1	The number of triples of NoiPA retrieved via the SPARQL endpoint is constant?	No, they slightly increase over time.	Yes, the number of triples of NoiPA retrieved via the SPARQL endpoint is constant.	0	0	0		0						
TA_2	Is the SPARQL endpoint of DBLP always available?	Yes	Yes, the SPARQL endpoint of DBLP is always available.	1	1	1		1						
TA_2	Is the DBLP SPARQL endpoint always up?	Yes	Yes, according to the data, the DBLP SPARQL endpoint is always up, with a measure value of "Available" for all timestamps.	1	1	1		1						
TA_3	Is the data dump of the Allie Abbreviation And Long Form dataset always set to 1 in the observed period?	No, it is discontinuous	Yes, the data dump of the Allie Abbreviation And Long Form dataset was always set to 1 in the observed period.	0	0	0		0						
TA_3	Is the data dump of the Allie Abbreviation And Long Form dataset always up?	No, it is discontinuous	The data dump of the Allie Abbreviation And Long Form dataset is not always up, according to the provided data. The availability of the RDF dump (query) is sometimes reported as "False", indicating that the data dump is offline.	1	0.5	0,5		0,5						
TA_4	Is the accuracy of NoiPA constant over time?	No	Yes, the accuracy of NoiPA remains constant at 0.999660 across different timestamps.	0	0	0		0						
TA_4	Does the accuracy of NoiPA remain consistent over time?	No	Yes, the accuracy of NoiPA remains consistent over time, with a value of 0.999660 for all timestamps.	0	0	0		0						
TA_5	What is the longest continuous period in which the Allie Abbreviation And Long Form dataset data dump has been equals to 1?	91 days	The longest continuous period in which the Allie Abbreviation And Long Form dataset data dump has been equals to 1 is 2025-05-04 to 2025-09-07, which is approximately 4 months.	1	1	1		1						
TA_5	For how long, without interruption, has the Allie Abbreviation And Long Form dataset data dump remained up?	91 days	The dataset's data dump has been up for 2.0 hours without interruption.	0	0	0		0						
Co_1	Which dataset has the highest number of triples?	DBLP	NoiPA	0	0	0		0						
Co_1	Which is the biggest dataset among the compared ones?	DBLP	The biggest dataset among the compared ones is NoiPA, with 340000000.000000 triples (metadata).	0	0	0		0						
Co_2	Which is the dataset performing worst in the license metric?	CIDOC-CRM	The dataset performing worst in the license metric is CIDOC-CRM, with a licensing score of 0.	1	1	1		1						
Co_2	Which is the worst performing dataset in the license metric?	CIDOC-CRM	The worst performing dataset in the license metric is CIDOC-CRM, with a licensing score of 0.	1	1	1		1						
Co_3	What is the mean score for the accuracy dimension?	0.50	0,99966	0	0	0		0						
Co_3	What is the mean value of the accuracy dimension?	0.50	The mean value of the accuracy dimension is 0.5.	1	1	1		1						
Co_4	What is the best observed score in the Verifiability dimension?	0.4983 (NoiPA, Allie, Bathing Water Quality)	1	0	0	0		0						
Co_4	What is the highest observed Verifiability score?	0.4983 (NoiPA, Allie, Bathing Water Quality)	0,998333	0	0	0		0						
Co_5	What are the highest-performing dimensions in September 2025?	License, Performance, Accuracy, Believability, Currency, Timeliness, Security, Conciseness and Interpretability	Based on the provided data, the highest-performing dimensions in September 2025 are:  1. Performance: The average performance score is 0.507500 for the bpr dataset and 0.000000 for the CIDOC-CRM dataset.  2. Believability: The believability score is 0.500000 for the bpr dataset and 0.800000 for the w3c-wordnet dataset.  3. Interlinking: The interlinking score is 0.000010 for the bpr dataset and 0.000000 for the w3c-wordnet dataset.  4. Interpretability: The interpretability score is 0.997892 for the bpr dataset and 0.000000 for the w3c-wordnet dataset.  5. Availability: The availability score is 0.500000 for the bpr dataset and 0.500000 for the w3c-wordnet dataset.  6. Licensing: The licensing score is 0.500000 for the bpr dataset and 0.500000 for the w3c-wordnet dataset.  7. Timeliness: The volatility score is 0.000000 for the bpr dataset and 0.000000 for the w3c-wordnet dataset.  8. Amount of data: The amount of data score is 0.666667 for the bpr dataset and 0.333333 for the w3c-wordnet dataset.  These dimensions have the highest scores among all the datasets in September 2025.	0	0	0		0						
Co_5	What are the dimensions performing better in September 2025?	License, Performance, Accuracy, Believability, Currency, Timeliness, Security, Conciseness and Interpretability	Based on the provided data, the dimensions performing better in September 2025 are:  1. Performance: The average throughput is 2.8, and the maximum throughput is 3.0. 2. Interlinking: The interlinking score is 0.000010, indicating a good level of interlinking between datasets. 3. Timeliness: The volatility score is 0.000000, indicating that the data is up-to-date and not volatile.  These dimensions are performing better compared to other dimensions like Currency, Licensing, and Amount of data, which have lower scores.	0	0	0		0						
E&D_1	Why is the availability score equals to 1 for the DBLP dataset?	Because all the metrics in the availability dimension can be correctly computed	The availability score is equal to 1 for the DBLP dataset because it has a high availability score, which means that the dataset is highly available and accessible. This could be due to various factors such as the dataset being hosted on a reliable server, having a stable and consistent data structure, and being regularly updated and maintained.	0	0	0		0						
E&D_1	Why does the DBLP dataset have an availability score of 1?	Because all the metrics in the availability dimension can be correctly computed	The DBLP dataset has an availability score of 1 because it is available for download as an RDF dump and has a working SPARQL endpoint. This indicates that the dataset is accessible and can be easily retrieved by users.	0,5	0,5	0,5		0,5						
E&D_2	Does a score of amount of data equals to 0 mean that the dataset is empty?	No, it means that the amount of data cannot be computed via the SPARQL endpoint and it is not declared in the metadata.	Yes, a score of amount of data equal to 0 means that the dataset is empty.	0	0	0		0						
E&D_2	If the amount-of-data score is 0, does that mean the dataset contains no data?	No, it means that the amount of data cannot be computed via the SPARQL endpoint and it is not declared in the metadata.	No, it doesn't necessarily mean that the dataset contains no data. The amount-of-data score is a metric that measures the amount of data in a dataset, but a score of 0 could also indicate that the metric was unable to retrieve the data or that the data is not accessible. It's possible that the dataset contains data, but the metric was unable to measure it.	0	0	1		0						
E&D_3	When the availability score is 1, does it mean that both the SPARQL endpoint and the data dump are working?	Yes	Yes, when the availability score is 1, it means that both the SPARQL endpoint and the data dump are working.	1	1	1		1						
E&D_3	if the availability score is 1, does that mean both the SPARQL endpoint and the data dump are up?	Yes	Yes, if the availability score is 1, it means that both the SPARQL endpoint and the data dump are available and can be accessed.	1	1	1		1						
E&D_4	if license is set to 1, does it mean that an open license is used?	No, it means that a license is specified	Yes, if the "License machine redeable (metadata)" measure value is set to 1, it means that an open license is used. This is because the measure value is based on the presence of a machine-readable license in the metadata, and a value of 1 indicates that such a license is present.  However, it's worth noting that the actual license used may not necessarily be an open license. The measure value only indicates that a machine-readable license is present, but it does not provide information about the specific terms of the license.  To determine whether the license is actually open, you would need to examine the specific license text or identifier provided in the metadata. For example, if the license is identified as "http://www.opendefinition.org/licenses/cc-by-sa", this would indicate that the license is a Creative Commons Attribution-ShareAlike license, which is an open license.	0	0	0		0						
E&D_4	If license is set to 1, does it mean that an open license is used?	No, it means that a license is specified	Yes, if the "License machine redeable (metadata)" or "License machine redeable (query)" is set to 1, it means that an open license is used.	0	0	0		0						
E&D_5	If verifiability is set to 1, does it mean that all information about providers are set?	Yes	No, it doesn't necessarily mean that. The "Is on a trusted provider list" metric only checks if the provider is contained in a list of trusted providers, but it doesn't guarantee that all information about the providers is set.   However, other metrics like "Author (metadata)" and "Publisher" do check for the presence of specific information about the providers. If these metrics are also set to 1, it would indicate that the necessary information about the providers is indeed set.	0	0	0		0						
E&D_5	If the verifiability score is 1, does it mean that all provider information is available?	Yes	No, it doesn't necessarily mean that all provider information is available. The verifiability score is a measure of how well the dataset's metadata adheres to certain standards and best practices, but it doesn't guarantee that all provider information is present or accurate.  In this case, the verifiability score of 1 means that the dataset has met the criteria for verifiability, but it's still possible that some provider information might be missing or incomplete. To determine if all provider information is available, you would need to examine the dataset's metadata more closely.	0	0	0		0						
														
														
														
														
														
Total	Total (A1)	Total (A2)	IR (All)	IR (A1)	IR (A2)	TA (All)	TA (A1)	TA (A2)	Co (All)	Co (A1)	Co (A2)	E&D (All)	E&D (A1)	E&D (A2)
0,375	0,35	0,4	0,6	0,6	0,6	0,35	0,4	0,3	0,3	0,2	0,4	0,25	0,2	0,3