Question_ID	Request	Expected_Response	Actual_Response	Voter 1	Voter 2	Column 9	COMMENTS	FINAL						
IR_1	Retrieve the SPARQL endpoint status of NoiPA in the date September 7th, 2025?	On	Available	1	1	1		1						
IR_1	Is the NoiPA SPARQL endpoint up in the last assessment?	On	Yes, the NoiPA SPARQL endpoint was up in the last assessment.	1	1	1		1						
IR_2	Which is the amount of data of the LiLa Lemma Bank dataset?	1,699,687	0,333333	0	0	0		0						
IR_2	How many triples does LiLa Lemma Bank have?	1,699,687	According to the provided data, LiLa Lemma Bank has 3318298 triples.	0	0	0		0						
IR_3	Which is the license of the DBLP dataset?	CC-0	The license of the DBLP dataset is http://www.opendefinition.org/licenses/cc-zero.	1	1	1		1						
IR_3	How is DBLP licensed?	CC-0	DBLP is licensed under CC0 1.0 Universal.	1	1	1		1						
IR_4	Which is the accuracy score of WordNet?	0.00	0.00	1	1	1		1						
IR_4	How accurate is WordNet?	0.00	According to the data, WordNet has an accuracy score of 0.000000, which indicates that it is not accurate.	1	1	1		1						
IR_5	What is the trust value of the Linked Open Camera dataset?	0.5	The trust value of the Linked Open Camera dataset is 0.750000.	0	0	0		0						
IR_5	How trustworthy is the Linked Open Camera dataset?	0.5	The Linked Open Camera dataset has a trust value of 0.750000, indicating a moderate level of trustworthiness.	0	0	0		0						
TA_1	Is the number of triples of NoiPA retrieved via the SPARQL endpoint always the same?	No, they slightly increase over time.	Yes	0	0	0		0						
TA_1	The number of triples of NoiPA retrieved via the SPARQL endpoint is constant?	No, they slightly increase over time.	Yes, the number of triples of NoiPA retrieved via the SPARQL endpoint is constant.	0	0	0		0						
TA_2	Is the SPARQL endpoint of DBLP always available?	Yes	Yes, according to the data, the SPARQL endpoint of DBLP is always available, with a measure value of "Available" for all timestamps.	1	1	1		1						
TA_2	Is the DBLP SPARQL endpoint always up?	Yes	Yes, the DBLP SPARQL endpoint is always up.	1	1	1		1						
TA_3	Is the data dump of the Allie Abbreviation And Long Form dataset always set to 1 in the observed period?	No, it is discontinuous	Yes, the data dump of the Allie Abbreviation And Long Form dataset is always set to 1 in the observed period.	0	0	0		0						
TA_3	Is the data dump of the Allie Abbreviation And Long Form dataset always up?	No, it is discontinuous	The data dump of the Allie Abbreviation And Long Form dataset is not always up, as indicated by the measure "Availability of RDF dump (query)" which has a value of "False" for some timestamps.	1	0.5	0,5		0,5						
TA_4	Is the accuracy of NoiPA constant over time?	No	Yes, the accuracy of NoiPA remains constant at 0.999660 across different timestamps (2025-05-04, 2025-06-01, 2025-07-13, 2025-08-03, and 2025-09-07).	0	0	0		0						
TA_4	Does the accuracy of NoiPA remain consistent over time?	No	Yes, the accuracy of NoiPA remains consistent over time, with a value of 0.999660 for all timestamps (2025-05-04, 2025-06-01, 2025-07-13, 2025-08-03, and 2025-09-07).	0	0	0		0						
TA_5	What is the longest continuous period in which the Allie Abbreviation And Long Form dataset data dump has been equals to 1?	91 days	The longest continuous period in which the Allie Abbreviation And Long Form dataset data dump has been equals to 1 is from 2025-05-04 to 2025-08-03.	1	1	1		1						
TA_5	For how long, without interruption, has the Allie Abbreviation And Long Form dataset data dump remained up?	91 days	The dataset's data dump has been up for 3.880000 years.	0	0	0		0						
Co_1	Which dataset has the highest number of triples?	DBLP	The dataset with the highest number of triples is not explicitly stated in the provided text snippet. However, based on the given information, we can see that the "NoiPA" dataset has a large number of triples, with a value of 340000000.000000 for the measure "Number of triples (metadata)" across different timestamps.	0	0	0		0						
Co_1	Which is the biggest dataset among the compared ones?	DBLP	The biggest dataset among the compared ones is NoiPA, with 340000000.000000 triples.	0	0	0		0						
Co_2	Which is the dataset performing worst in the license metric?	CIDOC-CRM	CIDOC-CRM	1	1	1		1						
Co_2	Which is the worst performing dataset in the license metric?	CIDOC-CRM	CIDOC-CRM	1	1	1		1						
Co_3	What is the mean score for the accuracy dimension?	0.50	The mean score for the accuracy dimension is 0.5.	1	1	1		1						
Co_3	What is the mean value of the accuracy dimension?	0.50	The mean value of the accuracy dimension is 0.5.	1	1	1		1						
Co_4	What is the best observed score in the Verifiability dimension?	0.4983 (NoiPA, Allie, Bathing Water Quality)	1	0	0	0		0						
Co_4	What is the highest observed Verifiability score?	0.4983 (NoiPA, Allie, Bathing Water Quality)	0,331667	0	0	0		0						
Co_5	What are the highest-performing dimensions in September 2025?	License, Performance, Accuracy, Believability, Currency, Timeliness, Security, Conciseness and Interpretability	Based on the provided data, the highest-performing dimensions in September 2025 are:  1. Performance: The average throughput is 9.575000, and the maximum throughput is 3.000000. 2. Availability: The availability score is 1.000000, indicating that the dataset is highly available. 3. Licensing: The licensing score is 1.000000, indicating that the dataset has a permissive license. 4. Currency: The currency score is 1.000000, indicating that the dataset is up-to-date.  These dimensions suggest that the dataset is well-maintained, easily accessible, and has a permissive license, making it a valuable resource for users.	0	0	0		0						
Co_5	What are the dimensions performing better in September 2025?	License, Performance, Accuracy, Believability, Currency, Timeliness, Security, Conciseness and Interpretability	Based on the provided data, the dimensions performing better in September 2025 are:  1. Performance: The average throughput is 8.992024, and the 25th percentile throughput is 3.000000. 2. Interlinking: The external links measure has a value of ['Name:viaf. value:54']. 3. Interpretability: The uses RDF structures measure has a value of True, and the use RDF structures measure has a value of True.  These dimensions have better performance compared to other dimensions like Availability, which has an inactive links measure with a value of True, and Timeliness, which has a volatility score measure with a value of 0.000000.	0	0	0		0						
E&D_1	Why is the availability score equals to 1 for the DBLP dataset?	Because all the metrics in the availability dimension can be correctly computed	The availability score equals to 1 for the DBLP dataset because it has a high availability score, indicating that the dataset is highly available and accessible. This is likely due to the fact that the DBLP dataset is a well-established and widely-used dataset in the field of computer science, and it has been made available through various channels, including a SPARQL endpoint and RDF dumps. The high availability score suggests that the dataset is easily accessible and can be retrieved by users, which is an important aspect of data quality and usability.	0,5	0,5	0,5		0,5						
E&D_1	Why does the DBLP dataset have an availability score of 1?	Because all the metrics in the availability dimension can be correctly computed	The DBLP dataset has an availability score of 1 because it is available for download as an RDF dump and has a working SPARQL endpoint, which allows users to query the data. This indicates that the dataset is highly available and accessible to users.	0.5	0.5	0.5	uri deref is missing	0,5						
E&D_2	Does a score of amount of data equals to 0 mean that the dataset is empty?	No, it means that the amount of data cannot be computed via the SPARQL endpoint and it is not declared in the metadata.	Yes, a score of amount of data equal to 0 means that the dataset is empty.	0	0	0		0						
E&D_2	If the amount-of-data score is 0, does that mean the dataset contains no data?	No, it means that the amount of data cannot be computed via the SPARQL endpoint and it is not declared in the metadata.	No, it doesn't necessarily mean that the dataset contains no data. The amount-of-data score is a metric that measures the quantity of data in a dataset, but a score of 0 could indicate that the metric was unable to retrieve or calculate the amount of data, rather than the dataset being empty.  There could be several reasons why the amount-of-data score is 0, such as:  * The dataset is not publicly accessible or is behind a paywall. * The dataset is not properly formatted or is missing required metadata. * The metric used to calculate the amount-of-data score is flawed or incomplete. * The dataset is very large or complex, making it difficult to accurately measure the amount of data.  It's also possible that the dataset does contain some data, but the amount is not significant enough to register on the metric. Without more information about the specific dataset and the context in which the amount-of-data score was calculated, it's difficult to say for certain what a score of 0 means.	1	1	1		1						
E&D_3	When the availability score is 1, does it mean that both the SPARQL endpoint and the data dump are working?	Yes	Yes, when the availability score is 1, it means that both the SPARQL endpoint and the data dump are working.	1	1	1		1						
E&D_3	if the availability score is 1, does that mean both the SPARQL endpoint and the data dump are up?	Yes	Yes, if the availability score is 1, it means that both the SPARQL endpoint and the data dump are available.	1	1	1		1						
E&D_4	if license is set to 1, does it mean that an open license is used?	No, it means that a license is specified	Yes, if the "License machine redeable (metadata)" or "License machine redeable (query)" is set to 1, it means that an open license is used. This is because the value 1 indicates that a license has been detected, and the licenses mentioned in the data, such as "http://www.opendefinition.org/licenses/cc-by", "http://www.opendefinition.org/licenses/cc-by-sa", and "http://creativecommons.org/publicdomain/zero/1.0/", are all open licenses.	0	0	0		0						
E&D_4	If license is set to 1, does it mean that an open license is used?	No, it means that a license is specified	Yes, if the license is set to 1, it means that an open license is used.	0	0	0		0						
E&D_5	If verifiability is set to 1, does it mean that all information about providers are set?	Yes	No, it doesn't necessarily mean that all information about providers is set. The "Is on a trusted provider list" metric checks if the provider/contributor is contained in a list of trusted providers. If this metric returns True, it means the provider is trusted, but it doesn't provide any additional information about the provider.  However, other metrics like "Author (metadata)" or "Contributor" might provide more information about the provider, such as their name, email, or affiliation. These metrics might return a string with the provider's information, or an empty string if the information is not available.  So, even if the verifiability is set to 1, it's still possible that some information about the provider is missing.	0	0	0		0						
E&D_5	If the verifiability score is 1, does it mean that all provider information is available?	Yes	Yes, if the verifiability score is 1, it means that all provider information is available.	1	1	1		1						
														
														
														
														
														
Total	Total (A1)	Total (A2)	IR (All)	IR (A1)	IR (A2)	TA (All)	TA (A1)	TA (A2)	Co (All)	Co (A1)	Co (A2)	E&D (All)	E&D (A1)	E&D (A2)
0,4625	0,425	0,5	0,6	0,6	0,6	0,35	0,4	0,3	0,4	0,4	0,4	0,5	0,3	0,7