Question_ID	Request	Expected_Response	Actual_Response	Voter 1	Voter 2	Column 9	COMMENT	FINAL						
IR_1	Retrieve the SPARQL endpoint status of NoiPA in the date September 7th, 2025?	On	Available	1	1	1		1						
IR_1	Is the NoiPA SPARQL endpoint up in the last assessment?	On	Yes	1	1	1		1						
IR_2	Which is the amount of data of the LiLa Lemma Bank dataset?	1,699,687	The amount of data of the LiLa Lemma Bank dataset is 0.333333.	0	0	0		0						
IR_2	How many triples does LiLa Lemma Bank have?	1,699,687	2811476 (out of 1000000 triples considered)	0	0	0		0						
IR_3	Which is the license of the DBLP dataset?	CC-0	The license of the DBLP dataset is CC Zero (http://www.opendefinition.org/licenses/cc-zero).	1	1	1		1						
IR_3	How is DBLP licensed?	CC-0	DBLP is licensed under the Creative Commons Zero (CC0) license, which allows for free reuse of the data.	1	1	1		1						
IR_4	Which is the accuracy score of WordNet?	0.00	The accuracy score of WordNet is 0.000000.	1	1	1		1						
IR_4	How accurate is WordNet?	0.00	According to the data, the accuracy score of WordNet is 0.000000.	1	1	1		1						
IR_5	What is the trust value of the Linked Open Camera dataset?	0.5	The trust value of the Linked Open Camera dataset is 0.750000.	0	0	0		0						
IR_5	How trustworthy is the Linked Open Camera dataset?	0.5	The Linked Open Camera dataset has a trust value of 0.750000, indicating a moderate level of trustworthiness.	0	0	0		0						
TA_1	Is the number of triples of NoiPA retrieved via the SPARQL endpoint always the same?	No, they slightly increase over time.	Yes, the number of triples of NoiPA retrieved via the SPARQL endpoint is always the same, with a value of 439796613.	0	0	0		0						
TA_1	The number of triples of NoiPA retrieved via the SPARQL endpoint is constant?	No, they slightly increase over time.	Yes, the number of triples of NoiPA retrieved via the SPARQL endpoint is constant.	0	0	0		0						
TA_2	Is the SPARQL endpoint of DBLP always available?	Yes	According to the data, the SPARQL endpoint of DBLP was available on all the timestamps mentioned (2025-09-07, 2025-08-03, 2025-07-13, 2025-06-01, 2025-05-04).	1	1	1		1						
TA_2	Is the DBLP SPARQL endpoint always up?	Yes	According to the data, the DBLP SPARQL endpoint was available on all the timestamps mentioned (2025-09-07, 2025-08-03, 2025-07-13, 2025-06-01, 2025-05-04).	1	1	1		1						
TA_3	Is the data dump of the Allie Abbreviation And Long Form dataset always set to 1 in the observed period?	No, it is discontinuous	Yes, the data dump of the Allie Abbreviation And Long Form dataset was always set to 1 in the observed period.	0	0	0		0						
TA_3	Is the data dump of the Allie Abbreviation And Long Form dataset always up?	No, it is discontinuous	The data dump of the Allie Abbreviation And Long Form dataset is not always up. According to the provided data, the availability of the RDF dump (query) is sometimes False, indicating that the data dump is offline.	1	0.5	0,5		0,5						
TA_4	Is the accuracy of NoiPA constant over time?	No	Yes, the accuracy of NoiPA remains constant at 0.999660 from May 4, 2025, to August 3, 2025.	0	0	0		0						
TA_4	Does the accuracy of NoiPA remain consistent over time?	No	Yes, the accuracy of NoiPA remains consistent over time, with a score of 0.999660 from 2025-09-07 to 2025-08-03, and 0.999700 from 2025-06-01 to 2025-05-04.	1	1	1		1						
TA_5	What is the longest continuous period in which the Allie Abbreviation And Long Form dataset data dump has been equals to 1?	91 days	The longest continuous period in which the Allie Abbreviation And Long Form dataset data dump has been equals to 1 is from 2025-05-04 to 2025-09-07, which is approximately 4 months.	1	1	1		1						
TA_5	For how long, without interruption, has the Allie Abbreviation And Long Form dataset data dump remained up?	91 days	The dataset's data dump has been up for 95280 days without interruption.	0	0	0		0						
Co_1	Which dataset has the highest number of triples?	DBLP	The dataset with the highest number of triples is the "NoiPA" dataset, with a total of 340,000,000 triples.	0	0	0		0						
Co_1	Which is the biggest dataset among the compared ones?	DBLP	The biggest dataset among the compared ones is the "NoiPA" dataset, with a total of 340,000,000 triples.	0	0	0		0						
Co_2	Which is the dataset performing worst in the license metric?	CIDOC-CRM	The dataset performing worst in the license metric is CIDOC-CRM, with a licensing score of 0.000000.	1	1	1		1						
Co_2	Which is the worst performing dataset in the license metric?	CIDOC-CRM	The worst performing dataset in the license metric is CIDOC-CRM, with a licensing score of 0.000000.	1	1	1		1						
Co_3	What is the mean score for the accuracy dimension?	0.50	The mean score for the accuracy dimension is 0.999660.	0	0	0		0						
Co_3	What is the mean value of the accuracy dimension?	0.50	The mean value of the accuracy dimension is 0.999660.	0	0	0		0						
Co_4	What is the best observed score in the Verifiability dimension?	0.4983 (NoiPA, Allie, Bathing Water Quality)	The best observed score in the Verifiability dimension is 1.	0	0	0		0						
Co_4	What is the highest observed Verifiability score?	0.4983 (NoiPA, Allie, Bathing Water Quality)	0,498333	1	1	1		1						
Co_5	What are the highest-performing dimensions in September 2025?	License, Performance, Accuracy, Believability, Currency, Timeliness, Security, Conciseness and Interpretability	Based on the provided data, the highest-performing dimensions in September 2025 are:  1. Performance: The performance score is 1.000000 for the NoiPA dataset, indicating perfect performance. 2. Accessibility: The availability score is 1.000000 for the NoiPA dataset, indicating perfect accessibility. 3. Trust: The trust value is 0.750000 for the NoiPA dataset, indicating high trustworthiness. 4. Representational: The representational-conciseness score is 0.500013 for the NoiPA dataset, indicating good representational conciseness.  These dimensions have the highest scores among all the datasets in September 2025, indicating that the NoiPA dataset performs exceptionally well in these areas.	0	0	0		0						
Co_5	What are the dimensions performing better in September 2025?	License, Performance, Accuracy, Believability, Currency, Timeliness, Security, Conciseness and Interpretability	Based on the provided data, the dimensions performing better in September 2025 are:  1. Accessibility: This dimension includes metrics such as Availability, Security, and Licensing. The scores for these metrics are generally high, indicating good performance.  2. Representational: This dimension includes metrics such as Interpretability, Understandability, and Representational-Consistency. The scores for these metrics are generally high, indicating good performance.  3. Trust: This dimension includes metrics such as Trust value, Believability score, and Verifiability score. The scores for these metrics are generally high, indicating good performance.  4. Timeliness: This dimension includes metrics such as Volatility score and Currency score. The scores for these metrics are generally high, indicating good performance.  5. Contextual: This dimension includes metrics such as Amount of data score and Completeness score. The scores for these metrics are generally high, indicating good performance.  6. Intrinsic: This dimension includes metrics such as Accuracy score and Conciseness score. The scores for these metrics are generally high, indicating good performance.  7. Performance: This dimension includes metrics such as Performance score, Average throughput, and Standard deviation of latency. The scores for these metrics are generally high, indicating good performance.  These dimensions are performing better in September 2025, indicating that the datasets are generally well-maintained, accessible, and trustworthy. 	0	0	0		0						
E&D_1	Why is the availability score equals to 1 for the DBLP dataset?	Because all the metrics in the availability dimension can be correctly computed	The availability score is equal to 1 for the DBLP dataset because it has a high availability score, indicating that the dataset is highly available and accessible. This is likely due to the fact that the DBLP dataset is a well-established and widely-used dataset in the field of computer science, and it has been made available through various channels, including a SPARQL endpoint and RDF dumps. The high availability score suggests that the dataset is easily accessible and can be retrieved by users, which is an important aspect of data quality and usability.	0.5	0.5	1		0,5						
E&D_1	Why does the DBLP dataset have an availability score of 1?	Because all the metrics in the availability dimension can be correctly computed	The DBLP dataset has an availability score of 1 because it has a working access point, specifically a SPARQL endpoint, and is available for download as an RDF dump. This indicates that the dataset is accessible and can be retrieved, which is a key aspect of data availability.	0,5	0,5	0,5		0,5						
E&D_2	Does a score of amount of data equals to 0 mean that the dataset is empty?	No, it means that the amount of data cannot be computed via the SPARQL endpoint and it is not declared in the metadata.	No, it doesn't necessarily mean that the dataset is empty. It could also mean that the metric used to calculate the amount of data score is not applicable or not available for this particular dataset.	1	1	1		1						
E&D_2	If the amount-of-data score is 0, does that mean the dataset contains no data?	No, it means that the amount of data cannot be computed via the SPARQL endpoint and it is not declared in the metadata.	No, it doesn't necessarily mean that the dataset contains no data. The amount-of-data score is a metric that evaluates the amount of data in a dataset based on certain criteria, such as the number of triples, entities, and properties. A score of 0 could indicate that the dataset does not meet the criteria used to calculate the score, but it does not necessarily mean that the dataset is empty.  There could be several reasons why a dataset receives an amount-of-data score of 0, such as:  * The dataset is very small and does not contain enough data to meet the criteria used to calculate the score. * The dataset is not well-structured or does not follow the expected format, making it difficult to calculate the score. * The dataset is not publicly available or is not accessible through the methods used to calculate the score. * The dataset is not properly documented or does not provide enough metadata to calculate the score.  It's also possible that the dataset contains data, but it's not in a format that can be easily evaluated by the metric used to calculate the amount-of-data score. In this case, the score of 0 would not accurately reflect the actual amount of data in the dataset.  To determine whether a dataset contains data, it's better to look at other metrics, such as the number of triples, entities, and properties, or to manually inspect the dataset itself.	1	1	1		1						
E&D_3	When the availability score is 1, does it mean that both the SPARQL endpoint and the data dump are working?	Yes	Yes, when the availability score is 1, it means that both the SPARQL endpoint and the data dump are working.	1	1	1		1						
E&D_3	if the availability score is 1, does that mean both the SPARQL endpoint and the data dump are up?	Yes	Yes, if the availability score is 1, it means that both the SPARQL endpoint and the data dump are available and can be accessed.	1	1	1		1						
E&D_4	if license is set to 1, does it mean that an open license is used?	No, it means that a license is specified	Yes, if the license is set to 1, it means that an open license is used.	0	0	0		0						
E&D_4	If license is set to 1, does it mean that an open license is used?	No, it means that a license is specified	Yes, if the license is set to 1, it means that an open license is used.	0	0	0		0						
E&D_5	If verifiability is set to 1, does it mean that all information about providers are set?	Yes	No, it doesn't necessarily mean that. The verifiability score is a measure of how well the information about the provider can be verified, but it doesn't guarantee that all information about the provider is present. It's possible that some information is still missing, but what is present can be verified.	0	0	0		0						
E&D_5	If the verifiability score is 1, does it mean that all provider information is available?	Yes	No, it doesn't necessarily mean that all provider information is available. The verifiability score is a measure of how well the dataset meets certain criteria related to verifiability, but it's not a direct indicator of the availability of provider information.	0	0	0		0						
														
														
														
														
														
Total	Total (A1)	Total (A2)	IR (All)	IR (A1)	IR (A2)	TA (All)	TA (A1)	TA (A2)	Co (All)	Co (A1)	Co (A2)	E&D (All)	E&D (A1)	E&D (A2)
0,4625	0,425	0,5	0,6	0,6	0,6	0,45	0,4	0,5	0,3	0,2	0,4	0,5	0,5	0,5