Question_ID	Request	Expected_Response	Actual_Response	Voter 1	Voter 2	Voter 3	Comment	FINAL						
IR_1	Retrieve the SPARQL endpoint status of NoiPA in the date September 7th, 2025?	On	Available	1	1	1		1						
IR_1	Is the NoiPA SPARQL endpoint up in the last assessment?	On	Yes	1	1	1		1						
IR_2	Which is the amount of data of the LiLa Lemma Bank dataset?	1,699,687	The amount of data of the LiLa Lemma Bank dataset is 0.333333.	0	0	0		0						
IR_2	How many triples does LiLa Lemma Bank have?	1,699,687	According to the provided data, LiLa Lemma Bank has 3318298 triples.	0	0	0		0						
IR_3	Which is the license of the DBLP dataset?	CC-0	The license of the DBLP dataset is CC-Zero (http://www.opendefinition.org/licenses/cc-zero).	1	1	1		1						
IR_3	How is DBLP licensed?	CC-0	DBLP is licensed under the Creative Commons Zero (CC0) license, which allows for free reuse of the data.	1	1	1		1						
IR_4	Which is the accuracy score of WordNet?	0.00	The accuracy score of WordNet is 0.	1	1	1		1						
IR_4	How accurate is WordNet?	0.00	According to the provided data, WordNet has an accuracy score of 0.000000, which indicates that its accuracy is unknown or not measurable.	1	1	1		1						
IR_5	What is the trust value of the Linked Open Camera dataset?	0.5	The trust value of the Linked Open Camera dataset is 0.750000.	0	0	0		0						
IR_5	How trustworthy is the Linked Open Camera dataset?	0.5	The Linked Open Camera dataset has a trust value of 0.750000, which indicates a moderate level of trustworthiness.	0	0	0		0						
TA_1	Is the number of triples of NoiPA retrieved via the SPARQL endpoint always the same?	No, they slightly increase over time.	Yes, the number of triples of NoiPA retrieved via the SPARQL endpoint is always the same, which is 340000000.	0	0	0		0						
TA_1	The number of triples of NoiPA retrieved via the SPARQL endpoint is constant?	No, they slightly increase over time.	Yes, the number of triples of NoiPA retrieved via the SPARQL endpoint is constant. According to the data, the number of triples (query) for NoiPA is consistently 439796613.000000, 412894535.000000, 432861574.000000, 419389676.000000, and 446170057.000000 across different timestamps.	0,5	0.5	0,5		0,5						
TA_2	Is the SPARQL endpoint of DBLP always available?	Yes	Yes, according to the data, the SPARQL endpoint of DBLP is always available.	1	1	1		1						
TA_2	Is the DBLP SPARQL endpoint always up?	Yes	According to the data, the DBLP SPARQL endpoint was available on May 4, June 1, July 13, August 3, and September 7, but there is no guarantee that it will always be up.	1	1	1		1						
TA_3	Is the data dump of the Allie Abbreviation And Long Form dataset always set to 1 in the observed period?	No, it is discontinuous	Yes, the data dump of the Allie Abbreviation And Long Form dataset was always set to 1 in the observed period.	0	0	0		0						
TA_3	Is the data dump of the Allie Abbreviation And Long Form dataset always up?	No, it is discontinuous	The data dump of the Allie Abbreviation And Long Form dataset is not always up. According to the provided data, the availability of the RDF dump (query) is sometimes False, indicating that the data dump is not always available.	1	0.5	0,5		0,5						
TA_4	Is the accuracy of NoiPA constant over time?	No	Yes, the accuracy of NoiPA remains constant over time, with a value of 0.999660.	0	0	0		0						
TA_4	Does the accuracy of NoiPA remain consistent over time?	No	The accuracy of NoiPA remains consistent over time, with a value of 0.999660 from May 4, 2025, to September 7, 2025.	0	0	0		0						
TA_5	What is the longest continuous period in which the Allie Abbreviation And Long Form dataset data dump has been equals to 1?	91 days	The longest continuous period in which the Allie Abbreviation And Long Form dataset data dump has been equal to 1 is not explicitly stated in the provided text snippet. However, based on the given data, we can see that the dataset has been consistently available for download (metadata) with a value of 1.000000 from 2025-05-04 to 2025-09-07, which is a period of approximately 4 months.	1	0	0		0						
TA_5	For how long, without interruption, has the Allie Abbreviation And Long Form dataset data dump remained up?	91 days	The dataset's data dump has been up for 2011-08-01.	0	0	0		0						
Co_1	Which dataset has the highest number of triples?	DBLP	The dataset "NoiPA" has the highest number of triples, with a value of 340000000.	0	1	0		0						
Co_1	Which is the biggest dataset among the compared ones?	DBLP	The biggest dataset among the compared ones is the "NoiPA" dataset, with 340000000.000000 triples.	0	1	0		0						
Co_2	Which is the dataset performing worst in the license metric?	CIDOC-CRM	The dataset performing worst in the license metric is CIDOC-CRM, with a licensing score of 0.000000.	1	1	1		1						
Co_2	Which is the worst performing dataset in the license metric?	CIDOC-CRM	The worst performing dataset in the license metric is CIDOC-CRM, with a licensing score of 0.000000.	1	1	1		1						
Co_3	What is the mean score for the accuracy dimension?	0.50	The mean score for the accuracy dimension is 0.5.	1	1	1		1						
Co_3	What is the mean value of the accuracy dimension?	0.50	The mean value of the accuracy dimension is 0.5.	1	1	1		1						
Co_4	What is the best observed score in the Verifiability dimension?	0.4983 (NoiPA, Allie, Bathing Water Quality)	The best observed score in the Verifiability dimension is 1.	0	0	0		0						
Co_4	What is the highest observed Verifiability score?	0.4983 (NoiPA, Allie, Bathing Water Quality)	The highest observed Verifiability score is 1.	0	0	0		0						
Co_5	What are the highest-performing dimensions in September 2025?	License, Performance, Accuracy, Believability, Currency, Timeliness, Security, Conciseness and Interpretability	Based on the provided data, the highest-performing dimensions in September 2025 are:  1. Performance: The average throughput is 3.000000, and the 25th percentile throughput is 3.000000. 2. Believability: The believability score is 0.800000, indicating a high level of trustworthiness. 3. Availability: The availability score is 0.750000, indicating that the data is mostly available. 4. Licensing: The licensing score is 0.500000, indicating that the data has some licensing issues. 5. Security: The security score is 0.500000, indicating that the data has some security concerns.  These dimensions are based on the data from the "bpr" dataset, which seems to be the most comprehensive and up-to-date dataset in the provided data.	0	0	0		0						
Co_5	What are the dimensions performing better in September 2025?	License, Performance, Accuracy, Believability, Currency, Timeliness, Security, Conciseness and Interpretability	Based on the provided data, the dimensions performing better in September 2025 are:  1. Performance: The average throughput is 3.000000, and the 75th percentile throughput is 3.000000, indicating good performance. 2. Interoperability: The Representational-Consistency score is 0.500029, indicating good interoperability. 3. Timeliness: The Volatility score is 0.000000, indicating low volatility and good timeliness. 4. Believability: The Believability score is 0.500000, indicating good believability.  These dimensions are performing well in September 2025, but it's essential to note that the performance of other dimensions, such as Availability, Interlinking, and others, might not be as good.	0	0	0		0						
E&D_1	Why is the availability score equals to 1 for the DBLP dataset?	Because all the metrics in the availability dimension can be correctly computed	The availability score is equal to 1 for the DBLP dataset because it has a high availability score due to its good performance in several availability metrics, such as having a working SPARQL endpoint, being available for download as an RDF dump, and having a high percentage of triples with labels.	0	0.5	0,5		0,5						
E&D_1	Why does the DBLP dataset have an availability score of 1?	Because all the metrics in the availability dimension can be correctly computed	The DBLP dataset has an availability score of 1 because it meets all the criteria for availability, including having a working SPARQL endpoint, being downloadable as an RDF dump, and having metadata available.	0,5	0.5	1		0,5						
E&D_2	Does a score of amount of data equals to 0 mean that the dataset is empty?	No, it means that the amount of data cannot be computed via the SPARQL endpoint and it is not declared in the metadata.	No, a score of amount of data equals to 0 does not necessarily mean that the dataset is empty. It means that the dataset has failed to meet certain criteria or thresholds set by the evaluation metric, such as having a minimum number of triples or entities.	0	0	0		0						
E&D_2	If the amount-of-data score is 0, does that mean the dataset contains no data?	No, it means that the amount of data cannot be computed via the SPARQL endpoint and it is not declared in the metadata.	No, it doesn't necessarily mean that the dataset contains no data. The amount-of-data score is a metric that evaluates the quantity of data in a dataset, but a score of 0 could indicate other issues, such as:  * The dataset is not accessible or not properly configured. * The metrics used to calculate the amount-of-data score are not applicable or not relevant to this specific dataset. * There is an error in the calculation or measurement process.  It's also possible that the dataset does contain some data, but the amount is very small or insignificant, leading to a score of 0.  To determine if a dataset contains no data, you would need to investigate further, such as checking the dataset's documentation, exploring the data itself, or contacting the dataset's maintainers.	0,5	0,5	1		1						
E&D_3	When the availability score is 1, does it mean that both the SPARQL endpoint and the data dump are working?	Yes	Yes, when the availability score is 1, it means that both the SPARQL endpoint and the data dump are working.	1	1	1		1						
E&D_3	if the availability score is 1, does that mean both the SPARQL endpoint and the data dump are up?	Yes	According to the provided text, the "Availability score" is a dimension that measures the availability of a dataset, and it is computed as a linear combination of individual availability metrics scores.  However, the text does not explicitly state that an availability score of 1 means both the SPARQL endpoint and the data dump are up. It only mentions that the score ranges from 0 to 1, with 1 being the best value.  To determine what an availability score of 1 means, we need to look at the individual metrics that contribute to this score. For example, the "Availability of RDF dump (query)" metric checks if an RDF dump is provided and can be downloaded, and the "Sparql endpoint" metric checks if the SPARQL endpoint is online.  If both these metrics have a value of True (or 1), then it's likely that the availability score would be 1, indicating that both the SPARQL endpoint and the data dump are available. However, without more information about how the availability score is calculated, we cannot be certain.  It's also worth noting that the text mentions other metrics, such as "Availability of RDF dump (metadata)" and "SPARQL endpoint URL", which may also contribute to the availability score. Therefore, an availability score of 1 could potentially mean that some, but not all, of these metrics are met.  	0	0	0		0						
E&D_4	if license is set to 1, does it mean that an open license is used?	No, it means that a license is specified	The presence of a license (indicated by a value of 1) does not necessarily imply that an open license is used. It only means that a license has been detected in the VoID description or in the dataset itself.  To determine if an open license is used, you would need to examine the specific license that is being used, which is indicated by the measure value (e.g., "http://www.opendefinition.org/licenses/cc-by-sa").	1	1	1		1						
E&D_4	If license is set to 1, does it mean that an open license is used?	No, it means that a license is specified	Yes, if the license is set to 1, it means that an open license is used.	0	0	0		0						
E&D_5	If verifiability is set to 1, does it mean that all information about providers are set?	Yes	No, it doesn't necessarily mean that all information about providers is set. The verifiability score is a measure of how well the data can be verified, but it doesn't guarantee that all information about providers is present.  In this case, the verifiability score is 1, but the "Is on a trusted provider list" metric is still False, indicating that the provider is not on a trusted list. This suggests that while the data may be verifiable, there may still be some issues with the provider's credibility or trustworthiness.	0	0	0		0						
E&D_5	If the verifiability score is 1, does it mean that all provider information is available?	Yes	Yes, if the verifiability score is 1, it means that all provider information is available.	1	1	1		1						
														
														
														
														
														
Total	Total (A1)	Total (A2)	IR (All)	IR (A1)	IR (A2)	TA (All)	TA (A1)	TA (A2)	Co (All)	Co (A1)	Co (A2)	E&D (All)	E&D (A1)	E&D (A2)
0,45	0,425	0,475	0,6	0,6	0,6	0,3	0,2	0,4	0,4	0,4	0,4	0,5	0,5	0,5