Question_ID	Request	Expected_Response	Actual_Response	Voter 1	Voter 2	Column 9	comment	FINAL						
IR_1	Retrieve the SPARQL endpoint status of NoiPA in the date September 7th, 2025?	On	Available	1	1	1		1						
IR_1	Is the NoiPA SPARQL endpoint up in the last assessment?	On	Yes, the NoiPA SPARQL endpoint was up in the last assessment.	1	1	1		1						
IR_2	Which is the amount of data of the LiLa Lemma Bank dataset?	1,699,687	The amount of data of the LiLa Lemma Bank dataset is 0.333333.	0	0	0		0						
IR_2	How many triples does LiLa Lemma Bank have?	1,699,687	According to the provided data, LiLa Lemma Bank has 3318298 triples.	0	0	0		0						
IR_3	Which is the license of the DBLP dataset?	CC-0	The license of the DBLP dataset is http://www.opendefinition.org/licenses/cc-zero.	1	1	1		1						
IR_3	How is DBLP licensed?	CC-0	DBLP is licensed under the Creative Commons Attribution 4.0 International License (CC BY 4.0).	0	0	0		0						
IR_4	Which is the accuracy score of WordNet?	0.00	The accuracy score of WordNet is 0.	1	1	1		1						
IR_4	How accurate is WordNet?	0.00	According to the provided data, WordNet has an accuracy score of 0.000000, which indicates that it is not accurate. However, this score is based on a specific measure and timestamp, and it's essential to consider other factors and timestamps to get a comprehensive understanding of WordNet's accuracy.  In contrast, the dataset "allie-abbreviation-and-long-form-database-in-life-science" has an accuracy score of 1.000000, indicating perfect accuracy. However, this score might not reflect the actual accuracy of the dataset, as it depends on the specific measure and evaluation criteria used.  It's also important to note that accuracy is just one aspect of a dataset's quality, and other factors like completeness, consistency, and relevance should also be considered when evaluating a dataset's overall quality.  To get a more accurate picture of WordNet's accuracy, it would be helpful to look at multiple measures and timestamps, as well as consider expert evaluations and reviews. Additionally, comparing WordNet's accuracy to other datasets in the same domain can provide a better understanding of its relative strengths and weaknesses. 	1	1	1		1						
IR_5	What is the trust value of the Linked Open Camera dataset?	0.5	The trust value of the Linked Open Camera dataset is 0.750000.	0	0	0		0						
IR_5	How trustworthy is the Linked Open Camera dataset?	0.5	The Linked Open Camera dataset has a trust value of 0.750000, indicating a moderate level of trustworthiness.	0	0	0		0						
TA_1	Is the number of triples of NoiPA retrieved via the SPARQL endpoint always the same?	No, they slightly increase over time.	Yes, the number of triples of NoiPA retrieved via the SPARQL endpoint is always the same, with a value of 340000000.000000.	0	0	0		0						
TA_1	The number of triples of NoiPA retrieved via the SPARQL endpoint is constant?	No, they slightly increase over time.	Yes, the number of triples of NoiPA retrieved via the SPARQL endpoint is constant.	0	0	0		0						
TA_2	Is the SPARQL endpoint of DBLP always available?	Yes	Yes, according to the data, the SPARQL endpoint of DBLP is always available, with a status of "Available" across multiple timestamps (2025-09-07, 2025-07-13, 2025-08-03, 2025-05-04, 2025-06-01).	1	1	1		1						
TA_2	Is the DBLP SPARQL endpoint always up?	Yes	According to the data, the DBLP SPARQL endpoint was available on all the timestamps provided (2025-09-07, 2025-07-13, 2025-06-01, 2025-08-03, and 2025-05-04).	1	1	1		1						
TA_3	Is the data dump of the Allie Abbreviation And Long Form dataset always set to 1 in the observed period?	No, it is discontinuous	Yes, the data dump of the Allie Abbreviation And Long Form dataset is always set to 1 in the observed period.	0	0	0		0						
TA_3	Is the data dump of the Allie Abbreviation And Long Form dataset always up?	No, it is discontinuous	According to the data, the availability of the RDF dump of the Allie Abbreviation And Long Form dataset varies across different timestamps.  At timestamp 2025-06-01, the RDF dump is available (value: 1.000000).  However, at other timestamps such as 2025-05-04, 2025-07-13, and 2025-08-03, the RDF dump is also available (value: 1.000000).  But at timestamp 2025-09-07, the RDF dump is not available (value: 0.000000).  Therefore, the data dump of the Allie Abbreviation And Long Form dataset is not always up.	1	0.5	1		1						
TA_4	Is the accuracy of NoiPA constant over time?	No	The accuracy of NoiPA is not constant over time. The accuracy score varies across different timestamps, indicating that the accuracy of NoiPA changes over time.	1	1	1		1						
TA_4	Does the accuracy of NoiPA remain consistent over time?	No	Yes, the accuracy of NoiPA remains consistent over time, with a score of 0.999660 on different dates (2025-08-03, 2025-07-13, 2025-06-01, and 2025-05-04).	0	0	0		0						
TA_5	What is the longest continuous period in which the Allie Abbreviation And Long Form dataset data dump has been equals to 1?	91 days	Based on the provided data, the longest continuous period in which the Allie Abbreviation And Long Form dataset data dump has been equal to 1 is from 2025-05-04 to 2025-09-07, which is approximately 4 months. 	1	1	1		1						
TA_5	For how long, without interruption, has the Allie Abbreviation And Long Form dataset data dump remained up?	91 days	The dataset's data dump has been up without interruption since 2011-08-01.	0	0	0		0						
Co_1	Which dataset has the highest number of triples?	DBLP	The dataset "w3c-wordnet" has the highest number of triples, with a value of 710000.000000.	0	0	0		0						
Co_1	Which is the biggest dataset among the compared ones?	DBLP	The biggest dataset among the compared ones is NoiPA, with 340000000.000000 triples.	0	0	0		0						
Co_2	Which is the dataset performing worst in the license metric?	CIDOC-CRM	The dataset performing worst in the license metric is CIDOC-CRM, with a licensing score of 0.000000.	1	1	1		1						
Co_2	Which is the worst performing dataset in the license metric?	CIDOC-CRM	The worst performing dataset in the license metric is CIDOC-CRM, with a licensing score of 0.000000.	1	1	1		1						
Co_3	What is the mean score for the accuracy dimension?	0.50	The mean score for the accuracy dimension is 0.999660.	0	0	0		0						
Co_3	What is the mean value of the accuracy dimension?	0.50	The mean value of the accuracy dimension is 0.999660.	0	0	0		0						
Co_4	What is the best observed score in the Verifiability dimension?	0.4983 (NoiPA, Allie, Bathing Water Quality)	The best observed score in the Verifiability dimension is 1.	0	0	0		0						
Co_4	What is the highest observed Verifiability score?	0.4983 (NoiPA, Allie, Bathing Water Quality)	0,331667	0	0	0		0						
Co_5	What are the highest-performing dimensions in September 2025?	License, Performance, Accuracy, Believability, Currency, Timeliness, Security, Conciseness and Interpretability	Based on the provided data, the highest-performing dimensions in September 2025 are:  1. Performance: The average throughput is 3.000000, and the 25th percentile throughput is 3.000000. 2. Interoperability: The Representational-Consistency score is 0.876190. 3. Licensing: The Licensing score is 0.500000. 4. Availability: The Availability score is 0.500000.  These dimensions have the highest scores among all the dimensions, indicating that they are performing well in September 2025.	0	0	0		0						
Co_5	What are the dimensions performing better in September 2025?	License, Performance, Accuracy, Believability, Currency, Timeliness, Security, Conciseness and Interpretability	Based on the provided data, the dimensions performing better in September 2025 are:  1. Performance: The average throughput is 3.0, the 25th percentile throughput is 3.0, the 75th percentile throughput is 3.0, and the maximum throughput is 3.0. 2. Interoperability: The representational-consistency score is 0.500029, and the representational-conciseness score is 0.500029. 3. Believability: The believability score is 0.500000, and the trust value is 0.500000. 4. Licensing: The licensing score is 0.500000.  These dimensions have scores close to 1.0 or 0.5, indicating good performance. However, it's essential to note that the actual performance might vary depending on the specific metrics and their weights used to calculate these scores.	0	0	0		0						
E&D_1	Why is the availability score equals to 1 for the DBLP dataset?	Because all the metrics in the availability dimension can be correctly computed	The availability score is equal to 1 for the DBLP dataset because it has a high availability score, indicating that the dataset is highly available and accessible. This is likely due to the fact that the DBLP dataset is a well-established and widely-used dataset in the field of computer science, and it is hosted on a reliable server that is regularly maintained and updated. Additionally, the dataset is available in multiple formats, including RDF, which makes it easily accessible and queryable using standard tools and technologies.	0	0	0		0						
E&D_1	Why does the DBLP dataset have an availability score of 1?	Because all the metrics in the availability dimension can be correctly computed	The DBLP dataset has an availability score of 1 because it meets all the criteria for availability, including having a working access point, being downloadable, and having a valid license.	0	0	0		0						
E&D_2	Does a score of amount of data equals to 0 mean that the dataset is empty?	No, it means that the amount of data cannot be computed via the SPARQL endpoint and it is not declared in the metadata.	No, it does not necessarily mean that the dataset is empty. It could also indicate that the dataset does not provide enough information to calculate the amount of data score, or that the calculation was not successful.	1	0.5	0,5		0,5						
E&D_2	If the amount-of-data score is 0, does that mean the dataset contains no data?	No, it means that the amount of data cannot be computed via the SPARQL endpoint and it is not declared in the metadata.	The "amount-of-data score" is a metric that measures the amount of data in a dataset. If the amount-of-data score is 0, it means that the dataset is empty or contains no data.  However, it's essential to consider the context and the specific definition of the "amount-of-data score" metric. In some cases, a score of 0 might indicate that the dataset is not providing enough information to calculate the amount of data, rather than the dataset being empty.  In the provided data, there are several instances where the "amount-of-data score" is 0. For example:  * "(Measure Value) Label: 0.000000":["timestamp: 2025-05-04","measure: Amount of data score","dataset: w3c-wordnet"]" * "(Measure Value) Label: 0.000000":["timestamp: 2025-06-01","measure: Amount of data score","dataset: w3c-wordnet"]" * "(Measure Value) Label: 0.000000":["timestamp: 2025-07-13","measure: Amount of data score","dataset: w3c-wordnet"]"  In these cases, it's likely that the dataset is empty or contains no data. However, without more information about the specific dataset and the definition of the "amount-of-data score" metric, it's difficult to say for certain.  It's also worth noting that the "amount-of-data score" is just one metric among many that are used to evaluate the quality and characteristics of a dataset. Other metrics, such as the "completeness score," "consistency score," and "accuracy score," may provide additional insights into the dataset's quality and content.	0	0	0		0						
E&D_3	When the availability score is 1, does it mean that both the SPARQL endpoint and the data dump are working?	Yes	Yes, when the availability score is 1, it means that both the SPARQL endpoint and the data dump are working.	1	1	1		1						
E&D_3	if the availability score is 1, does that mean both the SPARQL endpoint and the data dump are up?	Yes	According to the provided data, the "Availability score" is a dimension that measures the availability of a dataset. However, the exact calculation of this score is not specified.  But based on the given data, we can see that there are two separate measures: "Sparql endpoint" and "Availability of RDF dump (query)". These measures seem to be related to the availability of the SPARQL endpoint and the data dump, respectively.  If the "Availability score" is 1, it likely means that the dataset is available, but it does not necessarily mean that both the SPARQL endpoint and the data dump are up. It could mean that at least one of them is available.  To confirm this, we would need more information about how the "Availability score" is calculated.	0	0	0		0						
E&D_4	if license is set to 1, does it mean that an open license is used?	No, it means that a license is specified	The value "1" for the "License machine redeable (metadata)" metric indicates that a license was successfully detected in the metadata, but it does not necessarily imply that the license is open.  To determine if an open license is used, you would need to examine the actual license text or identifier that was detected. For example, if the detected license is "http://www.opendefinition.org/licenses/cc-by-sa", this is an open license. However, if the detected license is "http://www.opendefinition.org/licenses/cc-nc-nd", this is not an open license because it restricts commercial use and derivative works.  In summary, a value of "1" for the "License machine redeable (metadata)" metric only indicates that a license was detected, but further investigation is needed to determine if the license is open or not.	1	1	1		1						
E&D_4	If license is set to 1, does it mean that an open license is used?	No, it means that a license is specified	The presence of a license (value 1) indicates that a license is retrievable, but it doesn't necessarily mean that an open license is used. It could be any type of license, including proprietary or restrictive licenses. To determine if an open license is used, you would need to examine the specific license text or identifier, such as those from Creative Commons (e.g., CC-BY-SA) or Open Data Commons (e.g., ODC-BY).	1	1	1		1						
E&D_5	If verifiability is set to 1, does it mean that all information about providers are set?	Yes	No, it doesn't necessarily mean that all information about providers is set. It means that the dataset has been verified to be trustworthy based on certain criteria, but it doesn't provide information about the providers themselves.	0	0	0		0						
E&D_5	If the verifiability score is 1, does it mean that all provider information is available?	Yes	No, it doesn't necessarily mean that all provider information is available. The verifiability score is a measure of how well the dataset's metadata provides information about the data's origin, such as the author, publisher, and sources. A score of 1 indicates that the dataset's metadata is highly verifiable, but it doesn't guarantee that all possible provider information is available.  In this case, the dataset "environment-agency-bathing-water-quality" has a verifiability score of 1, but it's not clear what specific information is available. To determine what provider information is available, you would need to examine the dataset's metadata more closely. 	0	0	0,5		0						
														
														
														
														
														
Total	Total (A1)	Total (A2)	IR (All)	IR (A1)	IR (A2)	TA (All)	TA (A1)	TA (A2)	Co (All)	Co (A1)	Co (A2)	E&D (All)	E&D (A1)	E&D (A2)
0,3875	0,475	0,3	0,5	0,6	0,4	0,5	0,6	0,4	0,2	0,2	0,2	0,35	0,5	0,2