Question_ID	Request	Expected_Response	Actual_Response	Voter 1	Voter 2	Voter 3	COMMENTS	FINAL						
IR_1	Retrieve the SPARQL endpoint status of NoiPA in the date September 7th, 2025?	On	On September 7th, 2025, the SPARQL endpoint status for the NoiPA dataset was Available. The SPARQL endpoint URL is: https://sparql-noipa.mef.gov.it/sparql 	1	1	1		1						
IR_1	Is the NoiPA SPARQL endpoint up in the last assessment?	On	Yes, based on the most recent assessment dated 2025-09-07, the NoiPA SPARQL endpoint is Available (online). The endpoint URL is https://sparql-noipa.mef.gov.it/sparql. This status is consistent across multiple assessment dates (2025-05-04, 2025-06-01, 2025-07-13, 2025-08-03, and 2025-09-07), indicating the endpoint has remained operational throughout this period. 	1	1	1		1						
IR_2	Which is the amount of data of the LiLa Lemma Bank dataset?	1,699,687	Based on the available metadata for LiLa Lemma Bank, here are the key data volume metrics: Metadata triples: 1,699,687 triples Linked triples: 3,318,298 triples Canonical forms: Approximately 200,000 (as described in the dataset documentation) The dataset can be accessed at: http://lila-erc.eu/data/id/lemma/LemmaBank Download available from: https://github.com/CIRCSE/LiLa_Lemma-Bank	1	1	1		1						
IR_2	How many triples does LiLa Lemma Bank have?	1,699,687	Based on the provided data, LiLa Lemma Bank has: 1,699,687 triples (metadata count) - This represents the total number of triples in the dataset 3,318,298 linked triples - This represents the number of triples that are linked to other datasets The metadata count of 1,699,687 triples is consistently reported across multiple timestamps (May 4, 2025; June 1, 2025; July 13, 2025; August 3, 2025; September 7, 2025). The linked triples count of 3,318,298 is also consistently reported across the same time periods. The dataset description states: "The Lemma Bank is a collection of approximately 200,000 canonical forms for Latin that is used to interlink the linguistic resources in the LiLa Knowledge Base. The canonical forms are modeled using the Ontolex ontology."	1	1	1		1						
IR_3	Which is the license of the DBLP dataset?	CC-0	Based on the metadata provided, the DBLP Knowledge Graph (dblp-kg) is licensed under CC-Zero (Creative Commons Zero v1.0 Universal). License Details: Machine-readable license identifier: http://www.opendefinition.org/licenses/cc-zero Human-readable license URL: https://creativecommons.org/publicdomain/zero/1.0/ License type: Public Domain Dedication (CC0) This means the DBLP dataset is released into the public domain, allowing free use, modification, and distribution without any restrictions or attribution requirements. 	1	1	1		1						
IR_3	How is DBLP licensed?	CC-0	Based on the provided metrics from the dblp Knowledge Graph (dblp-kg) dataset, DBLP is licensed under CC-Zero (Creative Commons Zero v1.0 Universal). License Details Machine-readable license indicators: Metadata level: http://www.opendefinition.org/licenses/cc-zero Query level: https://creativecommons.org/publicdomain/zero/1.0/ License retrieval status: The dataset scores 1.0 for "R1.1 Machine- or human-readable license retrievable via any primary source", confirming that license information is explicitly reported and accessible. Overall licensing score: The dataset maintains a consistent 0.5 licensing score across all measurement timestamps (May-September 2025). Human-readable license: The "License human redeable" metric shows a value of - (not available or not applicable), suggesting the focus is on machine-readable license declarations rather than human-readable documentation. This CC-Zero license indicates that the DBLP Knowledge Graph data is dedicated to the public domain, allowing free use, modification, and distribution without restrictions.	1	1	1		1						
IR_4	Which is the accuracy score of WordNet?	0.00	The accuracy score of WordNet (w3c-wordnet) is 0.000000, as measured across all available timestamps in the dataset. 	1	1	1		1						
IR_4	How accurate is WordNet?	0.00	Based on the quality metrics in the provided data, WordNet's measured accuracy is 0.000000 — but this appears to be a measurement artifact rather than a true reflection of WordNet's reliability. Key Quality Metrics for WordNet 2.0 (W3C) Table Copy Metric Score Interpretation Accuracy 0.000000 Likely a measurement limitation, not actual inaccuracy Believability 0.800000 High - suggests strong trustworthiness Verifiability 0.331667 Moderate - some ability to verify claims Completeness 0.000000 Measurement artifact (consistent across datasets) FAIR Score 3.110000 Reasonable overall FAIRness (out of 5) Trust Value 0.750000 Good trust rating What This Means The zero accuracy score is not credible — the same score appears for multiple datasets (LemmaBank, CIDOC-CRM, BBC Programmes) across dozens of quality dimensions, indicating the assessment framework has systematic limitations for lexical/ontological resources. More Reliable Indicators: High Believability (0.8): Reflects WordNet's established reputation as a Princeton-born lexical database Strong metadata practices: Perfect scores for metadata availability (1.0) and search engine registration (1.0) Trust value (0.75): Good confidence rating Real-World Context WordNet is a mature, manually curated lexical database developed by Princeton University since the 1980s. While the RDF conversion's automated quality scores are flawed, WordNet remains the de facto standard for word sense disambiguation and semantic relationships. The metrics suggest the RDF/OWL encoding is well-documented but the quality assessment tool cannot properly evaluate its linguistic accuracy. Bottom line: Don't trust the 0.0 accuracy score. WordNet is highly reliable, but these particular metrics fail to capture its quality accurately.	1	1	1		1						
IR_5	What is the trust value of the Linked Open Camera dataset?	0.5	Based on the data provided, the Linked Open Camera dataset (identified as "bpr" in the dataset list) has a Trust value of 0.500000. This value is consistently reported across multiple timestamps in 2025 (May, June, July, August, and September), indicating stable trust assessment for this dataset. The trust value is defined as "Meta-information about the identity of information provider" within the "Believability" dimension, scored as a float where 1 would be the best possible value.	1	1	1		1						
IR_5	How trustworthy is the Linked Open Camera dataset?	0.5	Based on the quality assessment data for the Linked Open Camera dataset (labeled as "bpr" in the metrics), here is a comprehensive trustworthiness analysis: Overall Trust Assessment The dataset has a moderate trustworthiness profile with a consistent Trust Value of 0.5/1.0 across all measurement dates (May-September 2025). This indicates that while the data provider's identity is known and somewhat credible, significant quality concerns limit its overall reliability. Key Metric Breakdown Table Copy Metric Score Interpretation Trust Value 0.5/1.0 Moderate confidence in provider identity Believability 0.5/1.0 Mixed credibility indicators Verifiability 0.11/1.0 Very low - Sources and authorship information are poorly documented Reputation 0.000016/1.0 Critically low - Minimal external recognition or citations Security 1.0/1.0 Excellent - Proper HTTPS and authentication support Accuracy 0.6/1.0 Fair accuracy, but inconsistent data present Representational-Consistency 0.876/1.0 High - Good structural consistency and standards compliance FAIR Score 1.74/5.0 Below average - Limited findability, accessibility, and reusability Strengths Strong security posture: Perfect security score with proper HTTPS and authentication Structural consistency: High representational-consistency (0.876) indicates well-formed RDF data Official government source: Part of the Italian Chamber of Deputies' official portal (dati.camera.it) Metadata availability: Full compliance with metadata standards (F2a-M score of 1.0) Critical Weaknesses Poor verifiability (0.11): Sources, authors, and contributors are not properly documented, making it difficult to verify data origins Minimal reputation (0.000016): The dataset has very few external references or citations in the broader data community Not on trusted provider lists: Explicitly flagged as False for this metric Data consistency issues: Zero consistency score indicates conflicting or contradictory data within the dataset Limited interlinking: Very poor connectivity with other datasets (interlinking completeness near zero) Contextual Interpretation The Linked Open Camera dataset serves as the official Linked Data portal for the Italian Parliament's lower house. While it benefits from: Institutional authority as a government source Good technical infrastructure (security, RDF standards compliance) It suffers from: Insufficient documentation of data provenance Poor data quality control (inconsistencies detected) Limited community adoption and vetting Weak integration with the broader Linked Open Data cloud Recommendation Use with caution for research or applications requiring high data reliability. The dataset is suitable for: ✓ General parliamentary research where minor inconsistencies are acceptable ✓ Applications prioritizing security and structural compliance ✓ Official Italian government data needs Not recommended for: ✗ Critical research requiring high verifiability ✗ Applications needing strong interlinking with external datasets ✗ Use cases requiring community-validated data sources Consider supplementing with additional verification steps or alternative parliamentary data sources for high-stakes applications.	1	1	1		1						
TA_1	Is the number of triples of NoiPA retrieved via the SPARQL endpoint always the same?	No, they slightly increase over time.	No, the number of triples retrieved from the NoiPA SPARQL endpoint changes over time. Based on the monitoring data, the "Number of triples (query)" values for NoiPA at different timestamps are: 2025-05-04: 412,894,535 triples 2025-06-01: 419,389,676 triples 2025-07-13: 432,861,574 triples 2025-08-03: 439,796,613 triples 2025-09-07: 446,170,057 triples The dataset shows a consistent growth pattern, with approximately 6-13 million additional triples added between each measurement period. This indicates that NoiPA's RDF data is actively maintained and expanding rather than remaining static. 	1	1	1		1						
TA_1	The number of triples of NoiPA retrieved via the SPARQL endpoint is constant?	No, they slightly increase over time.	No, the number of triples retrieved from NoiPA's SPARQL endpoint is not constant—it shows consistent growth over time. Here are the measurements for "Number of triples (query)" across different timestamps: 2025-05-04: 412,894,535 triples 2025-06-01: 419,389,676 triples 2025-07-13: 432,861,574 triples 2025-08-03: 439,796,613 triples 2025-09-07: 446,170,057 triples The dataset has grown by approximately 33 million triples (about 8% increase) over just four months, indicating active expansion rather than a static collection.	1	1	1		1						
TA_2	Is the SPARQL endpoint of DBLP always available?	Yes	Based on the data provided, the DBLP SPARQL endpoint shows consistent availability at all measured points in 2025, but the data does not prove it is always available without interruption. Evidence from the measurements: Availability Status: All timestamped measurements for 2025 show the endpoint as "Available": May 4, 2025: Available June 1, 2025: Available July 13, 2025: Available August 3, 2025: Available September 7, 2025: Available Endpoint URL: The SPARQL endpoint URL is consistently recorded as: https://sparql.dblp.org/sparql Supporting Metrics: URIs Dereferenceability: Measures show 1.0 (perfect score) at multiple timestamps, indicating reliable URI resolution Availability score: Ranges from 0.75 to 0.975 across measurements, suggesting high but not perfect availability Performance: Average latency measured around 0.2 seconds (200ms), indicating responsive service Important Caveats: Periodic Checks: The data reflects measurements at discrete points in time (roughly monthly), not continuous monitoring. Downtime between these checks would not be captured. No "Offline" Records: The dataset contains no instances where the "Sparql endpoint" measure was marked "Offline" for dblp-kg, which is positive but doesn't guarantee 100% uptime. Related Issues: While the endpoint itself appears available, the "Availability of RDF dump (query)" measure consistently shows "False", meaning the downloadable dump (not the live endpoint) was not accessible via SPARQL queries. Conclusion: The DBLP SPARQL endpoint demonstrates excellent availability with no recorded outages in the 2025 measurement period. However, "always available" is a very strong claim that requires continuous monitoring to verify. For practical purposes, you can expect high reliability from https://sparql.dblp.org/sparql, but occasional brief outages cannot be ruled out based on this data.	1	1	1		1						
TA_2	Is the DBLP SPARQL endpoint always up?	Yes	Based on the monitoring data provided, the DBLP SPARQL endpoint shows consistent availability across all recorded measurement points in 2025, but this does not guarantee 100% uptime. What the Data Shows The endpoint was monitored at several timestamps throughout 2025, and each check reported it as "Available": 2025-05-04: Available 2025-06-01: Available 2025-07-13: Available 2025-08-03: Available 2025-09-07: Available Endpoint URL: https://sparql.dblp.org/sparql Important Caveats Snapshot monitoring, not continuous: These are periodic checks (roughly monthly), so brief outages between checks wouldn't be captured. No "always up" guarantee: While the data indicates excellent reliability during the observation period, you cannot conclude it's literally always available. The monitoring only confirms it was responsive at those specific moments. Separate from RDF dump: The SPARQL endpoint's availability is distinct from the RDF dump download, which is consistently marked as offline ("Availability of RDF dump (query)" : "False") across all timestamps. Data currency: The measurements are from 2025. I don't have data beyond that or real-time status. Practical Recommendation The endpoint demonstrates high reliability based on these multiple successful checks, but for critical applications, you should still implement standard error handling for occasional connection issues, as with any external service.	1	1	1		1						
TA_3	Is the data dump of the Allie Abbreviation And Long Form dataset always set to 1 in the observed period?	No, it is discontinuous	Based on the data for the Allie Abbreviation And Long Form Database in Life Science, the RDF dump availability was not always set to 1 during the observed period (May-September 2025). Key Findings: 1. Metadata Perspective (Availability of RDF dump (metadata)): 2025-05-04: 1.000000 (Available) 2025-06-01: 1.000000 (Available) 2025-07-13: 1.000000 (Available) 2025-08-03: 1.000000 (Available) 2025-09-07: 0.000000 (Not Available) ← Changes to 0 2. Query Perspective (Availability of RDF dump (query)): Consistently False across all timestamps, indicating the dump was never actually accessible via query interface. 3. Offline Dumps URLs: Empty arrays ([]) for May-August September 7, 2025: ['ftp://ftp.dbcls.jp/allie/allie_rdf/allie_rdf_nt_latest.gz'] ← URL appears only when availability drops to 0 Conclusion: The metadata initially reported availability (1.0) but this dropped to 0.0 on September 7, 2025. Even when metadata showed 1.0, the query check consistently failed (False), suggesting the dump was never truly accessible. The data does not support the claim that it was "always set to 1".	1	1	1		1						
TA_3	Is the data dump of the Allie Abbreviation And Long Form dataset always up?	No, it is discontinuous	Based on the monitoring data for the Allie Abbreviation And Long Form Database in Life Science, the RDF dump is not consistently available through the primary query interface, but is accessible via FTP: Key Findings: Query Interface Availability: Consistently reported as False across all timestamps (May-September 2025), indicating the dump is offline or not accessible through the SPARQL endpoint interface. Metadata Indication: Showed 1.000000 (online) for May-August 2025, but dropped to 0.000000 (offline) in the September 2025 check, suggesting metadata reliability issues. FTP Access: Offline dump URLs were consistently provided: Main RDF file: ftp://ftp.dbcls.jp/allie/allie_rdf/allie_rdf_nt_latest.gz Directory: ftp://ftp.dbcls.jp/allie/allie_rdf/ These remained available throughout the monitoring period Direct Download URLs: The "URL for download the dataset" field was always empty [], meaning no direct HTTP download links were provided. Conclusion: The RDF dump is not "always up" through standard web interfaces, but FTP-based access has been reliably maintained. Users needing the data should use the FTP links rather than expecting availability through the SPARQL endpoint or direct HTTP downloads. The September 2025 metadata degradation suggests potential future reliability concerns.	1	1	1		1						
TA_4	Is the accuracy of NoiPA constant over time?	No	Based on the data provided, the accuracy of NoiPA is not perfectly constant over time, but shows a very minor variation: Accuracy scores by timestamp: 2025-05-04: 0.999700 2025-06-01: 0.999700 2025-07-13: 0.999660 2025-08-03: 0.999660 2025-09-07: 0.999660 Analysis: The accuracy remained at 0.999700 for the first two measurements (May-June) It then decreased slightly to 0.999660 in July and maintained that value through September The total change is 0.00004 (or 0.004%), which is a very small decrease Conclusion: While the accuracy is exceptionally high and stable, it is technically not constant due to this minor drop in July. The change is negligible in practical terms but represents a consistent shift rather than random fluctuation.	1	1	1		1						
TA_4	Does the accuracy of NoiPA remain consistent over time?	No	Based on the data provided, NoiPA's accuracy remains highly consistent over time, with minimal variation: Accuracy scores by timestamp: 2025-05-04: 0.999700 2025-06-01: 0.999700 2025-07-13: 0.999660 2025-08-03: 0.999660 2025-09-07: 0.999660 The accuracy score shows a very slight decrease of 0.00004 (from 0.999700 to 0.999660) between June and July 2025, but then remains stable at 0.999660 for the subsequent three months (July through September). This represents a stability of 99.966% or higher across all measured periods. The variation is negligible—only 0.004%—demonstrating exceptional consistency in NoiPA's accuracy over the observed timeframe.	1	1	1		1						
TA_5	What is the longest continuous period in which the Allie Abbreviation And Long Form dataset data dump has been equals to 1?	91 days	Based on the provided data, the longest continuous period where the Allie Abbreviation And Long Form Database in Life Science dataset had full download availability (value = 1) was 91 days. Key Details: Measure: Availability for download (metadata) with a value of 1.000000 Period: May 4, 2025 to August 3, 2025 Breakdown: May 4, 2025 to June 1, 2025: 28 days June 1, 2025 to July 13, 2025: 42 days July 13, 2025 to August 3, 2025: 21 days Total: 28 + 42 + 21 = 91 days The dataset maintained consistent availability across all measurement points in this window. Availability subsequently dropped to 0.000000 on September 7, 2025, marking the end of this continuous period.	1	1	1		1						
TA_5	For how long, without interruption, has the Allie Abbreviation And Long Form dataset data dump remained up?	91 days	Based on the consistency of availability metrics across multiple measurement timestamps, the Allie Abbreviation And Long Form dataset's data dump remained continuously available from May 4, 2025 through August 3, 2025 – an uninterrupted period of approximately 3 months (91 days). Key Evidence: Availability of RDF dump (metadata) scores: 2025-05-04: 1.000000 (available) 2025-06-01: 1.000000 (available) 2025-07-13: 1.000000 (available) 2025-08-03: 1.000000 (available) 2025-09-07: 0.000000 (unavailable) Offline dumps presence: Consistently listed FTP download links at all dates through August 3, 2025 Example: ftp://ftp.dbcls.jp/allie/allie_rdf/allie_rdf_nt_latest.gz Supporting metrics: "Availability for download (metadata)" showed identical availability (1.0) across the same May-August period "Time elapsed since last modification" was consistently "-" (dash), indicating no service interruptions were detected The availability score dropped to 0.0 on September 7, 2025, indicating the dump became unavailable at that measurement point. 	1	1	1		1						
Co_1	Which dataset has the highest number of triples?	DBLP	Based on the data provided, dblp-kg has the highest number of triples, with 1,452,862,425 triples recorded (as of timestamp 2025-09-07). This is significantly higher than other datasets in the collection: NoiPA: ~446 million triples bpr: ~354 million triples allie-abbreviation-and-long-form-database-in-life-science: ~309 million triples micro-coronavirus: ~80 million triples The dblp-kg dataset consistently shows the highest counts across multiple timestamp measurements, with its "Number of triples (query)" metric reaching over 1.4 billion triples, making it the largest dataset in this collection by a substantial margin. 	1	1	1		1						
Co_1	Which is the biggest dataset among the compared ones?	DBLP	Based on the metrics provided, dblp-kg (DBLP Knowledge Graph) is the largest dataset among those compared. The data shows dblp-kg has query counts reaching 1.45 billion triples (1,452,862,425 triples as of 2025-09-07), which is significantly larger than other datasets in the comparison: NoiPA: 340 million triples (metadata count) LemmaBank: ~1.7 million triples (metadata count) w3c-wordnet: 710,000 triples (metadata count) bpr: 366,800 triples (metadata count) CIDOC-CRM: 0 triples (metadata count - likely not populated) The size difference is substantial: dblp-kg is over 4 times larger than NoiPA, and several orders of magnitude larger than the other RDF datasets in the dataset.	1	1	1		1						
Co_2	Which is the dataset performing worst in the license metric?	CIDOC-CRM	Based on the Licensing scores across all datasets, CIDOC-CRM is performing the worst with a consistent score of 0.000000 across all measurement timestamps (2025-05-04, 2025-06-01, 2025-07-13, 2025-08-03, 2025-09-07). All other datasets have significantly higher Licensing scores: Most datasets (w3c-wordnet, bpr, LemmaBank, dblp-kg, NoiPA, bbc-programmes, environment-agency-bathing-water-quality) score 0.500000 micro-coronavirus and allie-abbreviation-and-long-form-database-in-life-science score 1.000000 The Licensing score represents the overall licensing dimension, computed as a linear combination of individual licensing metrics. A score of 0.000000 indicates CIDOC-CRM fails to meet any licensing criteria, including license detection, machine/human readability, and FAIR licensing requirements.	1	1	1		1						
Co_2	Which is the worst performing dataset in the license metric?	CIDOC-CRM	Based on the provided data, CIDOC-CRM is the worst performing dataset in license metrics. Key Evidence: Licensing Score: CIDOC-CRM has a 0.000000 score across all timestamps (2025-05-04, 2025-06-01, 2025-07-13, 2025-08-03, 2025-09-07), which is the lowest possible value. License Retrievability Failures: License human redeable: Always "-" (SPARQL endpoint missing) License machine redeable (metadata): Always "False" (license not indicated) License machine redeable (query): Always "-" (SPARQL endpoint missing) R1.1 Machine- or human-readable license retrievable: Always 0.000000 (not retrievable) Comparison: All other datasets score significantly better: Most datasets (w3c-wordnet, bpr, LemmaBank, dblp-kg, NoiPA, bbc-programmes) have a 0.5 licensing score micro-coronavirus and allie-abbreviation-and-long-form-database-in-life-science achieve a 1.0 licensing score CIDOC-CRM shows complete absence of license information across both human-readable documentation and machine-readable sources (VoID/metadata and SPARQL endpoint), making it definitively the worst performer.	1	1	1		1						
Co_3	What is the mean score for the accuracy dimension?	0.50	To calculate the mean score for the accuracy dimension, I extracted all instances of "Accuracy score" from the data across all datasets and timestamps. Summary of Accuracy Scores by Dataset: LemmaBank: 5 entries, all 0.000000 (Sum: 0.0) w3c-wordnet: 5 entries, all 0.000000 (Sum: 0.0) NoiPA: 3 entries, all 0.999660 (Sum: 2.99898) bpr: 5 entries: 0.600000, 0.600000, 1.000000, 1.000000, 1.000000 (Sum: 4.2) CIDOC-CRM: 5 entries, all 0.000000 (Sum: 0.0) dblp-kg: 5 entries, all 1.000000 (Sum: 5.0) allie-abbreviation-and-long-form-database-in-life-science: 4 entries: 1.000000, 1.000000, 1.000000, 0.000000 (Sum: 3.0) bbc-programmes: 5 entries, all 0.000000 (Sum: 0.0) micro-coronavirus: 5 entries, all 1.000000 (Sum: 5.0) Total Calculation: Total entries: 42 Sum of all accuracy scores: 20.19898 Mean score: 20.19898 ÷ 42 = 0.481 (rounded to three decimal places) The mean accuracy score across all datasets and timestamps is 0.481 on a scale of 0 to 1, where 1 represents perfect accuracy. 	0	0	0		0						
Co_3	What is the mean value of the accuracy dimension?	0.50	Based on the data provided, the mean value of the accuracy dimension (represented by "Accuracy score") across all datasets and timestamps is 0.5155. Calculation Details: Total measurements: 45 (9 datasets × 5 timestamps each) Sum of all accuracy scores: 23.19838 Mean value: 23.19838 ÷ 45 = 0.515519..., rounded to 4 decimal places The accuracy scores varied significantly across datasets: NoiPA: Consistently high (~0.9997) dblp-kg, micro-coronavirus: Perfect scores (1.0000) bpr, allie-abbreviation: Mixed scores (0.0 to 1.0) w3c-wordnet, LemmaBank, CIDOC-CRM, bbc-programmes: All zero scores	0	0	0		0						
Co_4	What is the best observed score in the Verifiability dimension?	0.4983 (NoiPA, Allie, Bathing Water Quality)	The best observed Verifiability score in the dataset is 0.498333. This score was achieved by three datasets: NoiPA - measured across multiple timestamps (2025-05-04, 2025-06-01, 2025-07-13, 2025-08-03, 2025-09-07) allie-abbreviation-and-long-form-database-in-life-science - on timestamps 2025-06-01, 2025-07-13, and 2025-08-03 environment-agency-bathing-water-quality - on timestamp 2025-05-04 All other datasets scored lower: CIDOC-CRM, LemmaBank, w3c-wordnet, dblp-kg, and micro-coronavirus: 0.331667 bbc-programmes and some allie-abbreviation measurements: 0.165000 bpr: 0.110000 (the lowest)	1	1	1		1						
Co_4	What is the highest observed Verifiability score?	0.4983 (NoiPA, Allie, Bathing Water Quality)	The highest observed Verifiability score in the dataset is 0.498333. This value appears for multiple datasets and timestamps: NoiPA (across all timestamps: 2025-05-04, 2025-06-01, 2025-07-13, 2025-08-03, 2025-09-07) allie-abbreviation-and-long-form-database-in-life-science (2025-06-01, 2025-07-13, 2025-08-03) environment-agency-bathing-water-quality (2025-05-04, 2025-06-01) No higher values for Verifiability score were found in the provided data.	1	1	1		1						
Co_5	What are the highest-performing dimensions in September 2025?	License, Performance, Accuracy, Believability, Currency, Timeliness, Security, Conciseness and Interpretability	Based on the September 2025 metrics, the highest-performing dimensions are: Top Composite Scores Normalized Score: 12.075 (w3c-wordnet) FAIR Score: 3.110 (w3c-wordnet) Dimensions with Perfect Scores (1.000) Performance: Achieved by dblp-kg and NoiPA datasets Availability: Achieved by dblp-kg dataset Licensing: Achieved by micro-coronavirus dataset Currency: Achieved by bpr dataset Metadata Availability Metrics (multiple datasets): F2a-M (Metadata via standard sources): CIDOC-CRM, bpr, w3c-wordnet, dblp-kg F4-M (Search engine registration): CIDOC-CRM, bpr A1-M (Working primary sources): bpr, w3c-wordnet, dblp-kg A1.2 (Authentication & HTTPS): bpr Strong Consistent Performers Trust Value: 0.750 across CIDOC-CRM, w3c-wordnet, dblp-kg, and NoiPA Believability Score: 0.800 for both CIDOC-CRM and w3c-wordnet R Score: 1.000 for w3c-wordnet, 0.750 for bpr Note: The Normalized and FAIR scores appear to be composite metrics that aggregate multiple dimensions, with w3c-wordnet showing the highest overall performance at 12.075 and 3.110 respectively.	0	0	0		0						
Co_5	What are the dimensions performing better in September 2025?	License, Performance, Accuracy, Believability, Currency, Timeliness, Security, Conciseness and Interpretability	Based on the quality assessment data from September 2025 (timestamp: 2025-09-07), the dimensions performing better across datasets are: Top Performing Dimensions 1. Believability (Average Score: 0.82) Definition: Measures the reliability and credibility of the dataset Performance: Highest average score across 5 datasets Notable performers: NoiPA: 1.000000 (perfect score) environment-agency-bathing-water-quality: 1.000000 (perfect score) CIDOC-CRM: 0.800000 w3c-wordnet: 0.800000 2. Reusability (R score) (Average Score: 0.75) Definition: Part of FAIR metrics, measures how easily data can be reused Performance: Strong scores across 5 datasets Notable performers: w3c-wordnet: 1.000000 (perfect score) bpr: 0.750000 NoiPA: 0.750000 micro-coronavirus: 0.750000 3. Trust Value (Average Score: 0.708) Definition: Cross-dimensional metric measuring overall trustworthiness Performance: Consistently high across 6 datasets Notable performers: CIDOC-CRM: 0.750000 w3c-wordnet: 0.750000 dblp-kg: 0.750000 NoiPA: 0.750000 micro-coronavirus: 0.750000 4. Accessibility (A score) (Average Score: 0.6875) Definition: Measures how accessible the data is for users and applications Notable performers: bpr: 1.000000 (perfect score) w3c-wordnet: 0.750000 5. Findability (F score) (Average Score: 0.668) Definition: Part of FAIR metrics, measures how easily data can be discovered Notable performers: CIDOC-CRM: 0.780000 micro-coronavirus: 0.750000 bpr: 0.630000 6. Interoperability (I score) (Average Score: 0.583) Definition: Measures ability to integrate with other data sources Notable performers: w3c-wordnet: 0.750000 NoiPA: 0.750000 7. Availability (Average Score: 0.582) Definition: Measures data accessibility and uptime Notable performers: dblp-kg: 0.750000 micro-coronavirus: 0.741350 Key Insights High-Performing Categories: Metadata Quality: Dimensions related to metadata (Believability, Trust, Reusability) perform best Trust & Credibility: Multiple datasets achieve perfect scores in trust-related metrics Standard Compliance: R, F, and A scores (FAIR principles) show strong performance Lower-Performing Dimensions: Interlinking: Near-zero scores across all datasets (average ~0.00001) Completeness: Zero scores reported Versatility: Very low scores (average ~0.08) Performance: Mixed results with average ~0.25 Best Overall Dataset in September 2025: NoiPA demonstrates the most balanced high performance, particularly in Believability (1.0), Reusability (0.75), and Trust (0.75). The data indicates that while metadata and trust-related dimensions are well-addressed, technical dimensions like interlinking, completeness, and versatility require significant improvement across all datasets.	0	0	0		0						
E&D_1	Why is the availability score equals to 1 for the DBLP dataset?	Because all the metrics in the availability dimension can be correctly computed	The availability score for the dblp-kg dataset equals 1.0 at certain timestamps (e.g., 2025-07-13 and 2025-08-03) because it's a composite score that combines multiple availability metrics, and the key indicators were all satisfied during those periods. Composition of the Availability Score According to the metric definition, "Availability score" is calculated as a linear combination of individual availability metrics. The relevant metrics for dblp-kg include: Table Copy Metric Timestamp (2025-07-13) Value Description Sparql endpoint 2025-07-13 Available SPARQL endpoint is online and responsive Availability of RDF dump (metadata) 2025-07-13 1.000000 RDF dump is online according to metadata Availability for download (metadata) 2025-07-13 1.000000 Download available via metadata/VoID A1-D Working access point(s) 2025-07-13 1.000000 Operational SPARQL or accessible data dump A1-M Metadata availability via working primary sources 2025-07-13 1.000000 Metadata accessible via primary sources Why It Scored 1.0 The perfect score reflects that: SPARQL endpoint is fully operational - consistently reported as "Available" across all timestamps RDF dump is confirmed online through metadata checks (both "Availability of RDF dump (metadata)" and "Availability for download (metadata)" return 1.0) Working access points are verified - the FAIR metric A1-D confirms operational access Metadata is accessible via working primary sources (A1-M = 1.0) Interestingly, some query-based checks like "Availability for download (query)" and "Availability of RDF dump (query)" return False, but the metadata-based checks (which likely carry more weight in the linear combination) confirm availability, resulting in the overall perfect score. Important Note The availability score varies over time and is not always 1.0: 2025-05-04: 0.975000 2025-06-01: 0.500000 2025-07-13: 1.000000 2025-08-03: 1.000000 2025-09-07: 0.750000 The fluctuations suggest periodic issues or changes in service status, but during the periods when it scores 1.0, all critical availability indicators are optimal. 	0	0	0		0						
E&D_1	Why does the DBLP dataset have an availability score of 1?	Because all the metrics in the availability dimension can be correctly computed	The DBLP dataset achieves an Availability score of 1.0 on certain dates (e.g., 2025-07-13) due to strong performance across multiple availability-related metrics, particularly at the metadata level. Here's why: Key Contributing Factors: Metadata Availability is Perfect (1.0) A1-M Metadata availability via working primary sources: Consistently scores 1.0 across all timestamps, indicating metadata is accessible via SPARQL endpoints, search engines, or VoID/DCAT formats F2a-M - Metadata availability via standard primary sources: Also consistently 1.0, confirming metadata is properly registered and discoverable Working SPARQL Endpoint Sparql endpoint: Always "Available" SPARQL endpoint URL: "https://sparql.dblp.org/sparql" is consistently provided A1-D Working access point(s): Scores 1.0, confirming operational access points Download Access Indicated in Metadata URL for download the dataset: Metadata consistently lists working download links: ['https://doi.org/10.4230/dblp.rdf.ntriples', 'https://dblp.org/rdf/dblp.ttl.gz'] Availability for download (metadata): Always 1.0 Availability of RDF dump (metadata): Always 1.0 Security & Infrastructure A1.2 Authentication & HTTPS support: Always 1.0, indicating proper HTTPS implementation Use HTTPS: Metadata confirms HTTPS is used Important Distinction: The score reflects metadata-reported availability, not real-time query success: Availability for download (query): Always False (direct download test fails) Availability of RDF dump (query): Always False (direct dump access fails) Conclusion: The DBLP dataset receives a perfect availability score because its metadata comprehensively and accurately describes access mechanisms (SPARQL endpoint, download URLs, proper licensing, and security), which is what the availability metric primarily evaluates. The system trusts metadata assertions over direct query failures, which may be due to temporary network issues, access restrictions, or testing limitations rather than true unavailability.	0	0	0		0						
E&D_2	Does a score of amount of data equals to 0 mean that the dataset is empty?	No, it means that the amount of data cannot be computed via the SPARQL endpoint and it is not declared in the metadata.	No, a score of 0 for Amount of data does not mean the dataset is empty. The Amount of data score is a composite metric (a linear combination of individual sub-metrics) that evaluates multiple aspects beyond just raw triple count. A score of 0 indicates failure across several underlying measurements, not necessarily an absence of data. Key Evidence from the Data: Datasets with Score = 0 Still Have Triples: bpr (2025-08-03): Amount of data score = 0.000000, but has 353,740,827 triples (query) and 366,800 triples (metadata) dblp-kg (2025-05-04): Amount of data score = 0.333333, but has 1,335,106,894 triples (query) CIDOC-CRM (multiple timestamps): Amount of data score = 0.000000, but still contains data What Causes a Score of 0: The score reflects availability and accessibility issues, not emptiness. Common reasons include: SPARQL endpoint inaccessible or missing (- values) VoID file absent (metadata availability) Inability to retrieve entity/property counts Discrepancies between query and metadata counts Missing or failed sub-metrics like "Number of entities" or "Number of property" Individual Sub-Metrics: The Amount of data dimension combines: Number of triples (query) - actual triple count from SPARQL Number of triples (metadata) - from VoID/description Number of entities Number of properties When critical sub-metrics return - (missing) or 0 (failed retrieval), the weighted combination produces an overall score of 0, even if the dataset physically contains billions of triples. Bottom line: Check the raw metrics like "Number of triples (query)" to verify actual data size. A 0 score signals a measurement/availability problem, not an empty dataset. 	1	1	1		1						
E&D_2	If the amount-of-data score is 0, does that mean the dataset contains no data?	No, it means that the amount of data cannot be computed via the SPARQL endpoint and it is not declared in the metadata.	**No, an amount-of-data score of 0 does not ** necessarily mean the dataset contains no data. The "Amount of data score" is a computed composite metric (ranging from 0 to 1) based on a linear combination of individual metrics like: Number of triples Number of entities Number of properties A score of 0 typically indicates measurement failure or missing metadata, not an empty dataset. Evidence from the data: Example 1: dblp-kg Has Amount of data score: 0.000000 (timestamp: 2025-08-03) But also shows Number of triples (query): 1335106894.000000 (over 1.3 billion triples) And Number of labels/comments: 140967973.000000 Example 2: bpr Has Amount of data score: 0.000000 (timestamp: 2025-05-04) But shows Number of triples (metadata): 366800.000000 And Number of triples (query): 353740827.000000 Why the score can be 0: Missing component metrics: Many entries show measure value: None for "Number of triples (query)" or "Number of entities", suggesting the SPARQL endpoint was unreachable Metadata absence: The score depends on available metadata; if primary sources are missing, it defaults to 0 Calculation rules: The linear combination may assign 0 when key inputs are missing, even if other data exists Bottom line: This score reflects data measurability and metadata quality, not actual data presence. Always check individual metrics like "Number of triples" for the real data volume.	1	1	1		1						
E&D_3	When the availability score is 1, does it mean that both the SPARQL endpoint and the data dump are working?	Yes	Based on the metric definitions and data patterns in your quality assessment results, an availability score of 1 generally means both the SPARQL endpoint and the RDF dump are working. Here's how the scoring logic appears to work: Availability Score Interpretation Score = 1.0: Both access methods are operational (SPARQL endpoint online AND RDF dump downloadable) Score ≈ 0.5: Only one access method is available (SPARQL endpoint OR RDF dump, but not both) Score < 0.5: Partial/inconsistent availability, or access points have issues Key Supporting Evidence Direct Definitions: The "A1-D Working access point(s)" metric explicitly states: 1.0 = operational SPARQL or accessible data dump (OR logic for this single metric) However, the composite Availability score is more stringent Data Pattern Examples: dblp-kg (Score = 1.0): SPARQL endpoint is "Available" and metadata confirms RDF dump is available (value = 1.0), even if direct query checks fail w3c-wordnet (Score = 0.5): No SPARQL endpoint but RDF dump is available via metadata—demonstrating single-access-point scoring Calculation Method: The score is described as a "linear combination" of availability metrics, suggesting both SPARQL and dump availability contribute to reaching the maximum value. Caveat The exact weighting isn't fully specified, and occasional data inconsistencies suggest temporary detection issues (e.g., a dump marked "offline" by query checks but "available" by metadata may still contribute positively). For practical purposes, treat a score of 1 as confirmation that both primary access mechanisms are functional. 	1	1	1		1						
E&D_3	if the availability score is 1, does that mean both the SPARQL endpoint and the data dump are up?	Yes	Based on the metric definitions in the data, yes, an Availability score of 1 would mean both the SPARQL endpoint and the RDF dump are accessible. Here's the reasoning: The "Availability score" is defined as "a linear combination of the individual availability metrics scores" with a best value of 1. This means it aggregates multiple underlying availability checks. Key component: "A1-D Working access point(s)" directly measures this: 1.0 = operational SPARQL endpoint AND accessible data dump 0.5 = only one is accessible 0 = neither is accessible Other metrics that would factor into a perfect score include: "Sparql endpoint": must be "Available" "Availability of RDF dump (query)": must be "True" "Availability of RDF dump (metadata)": must be 1.000000 "Availability for download (metadata)": must be 1.000000 Important caveat: The provided data contains no actual examples of a dataset achieving a perfect 1.0 Availability score. The highest observed is 0.975 for dblp-kg (2025-05-04), where the SPARQL endpoint is available but the RDF dump is not, resulting in A1-D = 0.5. Therefore, while a theoretical score of 1 requires both components to be up, the framework appears designed such that perfect scores are rare or impossible in practice—likely requiring not just functionality but also optimal performance across all availability dimensions.	1	0.5	0,5		0,5						
E&D_4	if license is set to 1, does it mean that an open license is used?	No, it means that a license is specified	No, a value of "1" does not necessarily mean an open license is used. It only indicates that a license is explicitly reported, not that it's an open one. Here's how to interpret the license-related metrics in this data: 1. The "R1.1" Metric (Binary Flag) The metric "R1.1 Machine- or human-readable license retrievable via any primary source" is a binary indicator: 1: Any license is explicitly reported (could be open, closed, or restrictive) 0: No license information is found Example from your data: "(Dataset) Label: bpr":["measure value: 1.000000","measure: R1.1 Machine- or human-readable license retrievable via any primary source"] This only confirms license existence, not license type. 2. To Check for Open Licenses You need to examine the actual license value in these metrics: "License machine redeable (metadata)" - License found in VoID/metadata "License machine redeable (query)" - License found via SPARQL endpoint Examples from your data: Open Licenses: Copy "measure value: http://www.opendefinition.org/licenses/cc-by-sa"  (Creative Commons BY-SA) "measure value: http://www.opendefinition.org/licenses/cc-zero"   (CC0 Public Domain) "measure value: https://creativecommons.org/publicdomain/zero/1.0/" "measure value: http://creativecommons.org/licenses/by/4.0/" Potentially Non-Open: Copy "measure value: https://creativecommons.org/licenses/by/3.0/deed.it"  (Version 3.0, but still open) "measure value: http://reference.data.gov.uk/id/open-government-licence" (UK Open Gov License) Key Takeaway 1 = License exists (any type) 0 = No license found To determine if it's open, you must: Check the actual URL/value in the license metrics Verify it against known open license vocabularies (e.g., Creative Commons, Open Definition, OSI-approved) The data shows most datasets with "1" do use open licenses (CC-BY-SA, CC0), but the metric itself doesn't guarantee it.	1	1	1		1						
E&D_4	If license is set to 1, does it mean that an open license is used?	No, it means that a license is specified	Based on the data, a value of 1 does not automatically mean an open license is used, but in this specific dataset, all licenses detected are indeed open. Here's the breakdown: Key Licensing Metrics R1.1 Machine- or human-readable license retrievable via any primary source Output: 1 = license explicitly reported; 0 = otherwise This metric only checks for presence of any license, not its openness Examples from data where R1.1=1: bpr: CC BY-SA (http://www.opendefinition.org/licenses/cc-by-sa) dblp-kg: CC Zero (http://www.opendefinition.org/licenses/cc-zero) w3c-wordnet: Apache 2.0 (https://www.apache.org/licenses/LICENSE-2.0) LemmaBank: CC BY-SA (http://www.opendefinition.org/licenses/cc-by-sa) Licensing score Description: "Overall score for the licensing dimension computed as a linear combination of the individual licensing metrics scores" Range: [0,1], but does not explicitly evaluate openness Scores vary (0.5 and 1.0 in data) based on overall licensing metadata quality Important Caveats The dataset appears to be from open data portals, so all detected licenses happen to be open (CC variants, Apache, Open Government License) The metrics evaluate presence and machine-readability, not license type To confirm if a license is open, you must check the actual license URL in: License machine redeable (metadata) License machine redeable (query) License human redeable Conclusion A value of 1 means "license was found and is machine/human readable" but doesn't guarantee openness. However, in this corpus, when a license is detected (R1.1=1), it is always an open license—likely because the evaluation framework is designed for open data repositories. For other contexts, you would need to explicitly check the license URL against open license definitions.	1	1	1		1						
E&D_5	If verifiability is set to 1, does it mean that all information about providers are set?	Yes	Looking at the data structure, a Verifiability score of 1 would theoretically indicate that all provider-related information is fully set, but this requires some important context: How Verifiability Score Works The "Verifiability score" is defined as a linear combination of individual verifiability metrics, which include: Author (metadata): Identifies dataset authors Contributor: Lists contributors Publisher: Identifies publishers Sources: States authors, contributors, publishers, and sources Signed: Whether the dataset is cryptographically signed Key Insights from the Data No Perfect Scores Exist: In the provided data, no dataset achieves a Verifiability score of 1.0. The highest observed is 0.498333 (NoiPA), suggesting this is a difficult maximum to reach. Provider List is Separate: The metric "Is on a trusted provider list" is independent from the Verifiability score. It's a binary check (True/False) that doesn't directly contribute to the composite score. Component Dependencies: For Verifiability to equal 1.0, all sub-components would likely need to be perfect: Author info must be present and complete Contributor info must be present and complete Publisher info must be present and complete Sources must be fully documented The dataset should be signed Practical Answer Yes, but with nuance: If Verifiability = 1, it means the linear combination of all verifiability sub-metrics has reached maximum value, which requires complete provider information. However: The exact weighting formula isn't shown in the data You could theoretically have gaps in minor components if they have very low weights (unlikely in a quality framework) The separate "trusted provider list" metric would still need to be checked independently Bottom line: In practice, a Verifiability score of 1 should be interpreted as "all provider and attribution information is fully documented and verified," but since no examples exist in this dataset, this remains a theoretical maximum rather than an observed state.	1	1	1		1						
E&D_5	If the verifiability score is 1, does it mean that all provider information is available?	Yes	Based on the metric definition in the data, yes, a verifiability score of 1 would mean all provider information is fully available. Here's why: How the Verifiability Score Works The Verifiability score is defined as an overall score computed as a linear combination of individual verifiability metrics. A score of 1 is explicitly marked as the "Best value" in the definition. Required Provider Information For a dataset to achieve a perfect verifiability score of 1, all its constituent metrics must be at their optimal values. These include: Author (metadata): Must return a string with authors (not "False" or absent) Author (query): Must return a list of authors (not "[]" or "-") Contributor: Must return a list of contributors (not "[]" or "-") Publisher: Must return a list of publishers (not "[]" or "-") Sources: Must return website, name, and email (not "False") Real-World Evidence In the provided data, no dataset achieves a verifiability score of 1. The highest observed is: NoiPA: 0.498333 (still missing some provider details) CIDOC-CRM: 0.331667 (author/publisher information is absent) This confirms that a perfect score requires complete, unambiguous provider information across all metrics. The score is designed so that any missing or "False" values in the provider information chain would prevent reaching the maximum value of 1.	1	1	1		1						
														
														
														
														
														
Total	Total (A1)	Total (A2)	IR (All)	IR (A1)	IR (A2)	TA (All)	TA (A1)	TA (A2)	Co (All)	Co (A1)	Co (A2)	E&D (All)	E&D (A1)	E&D (A2)
0,8375	0,85	0,825	1	1	1	1	1	1	0,6	0,6	0,6	0,75	0,8	0,7