Question_ID	Request	Expected_Response	Actual_Response	Voter 1	Voter 2	Voter 3 	COMMENT	FINAL						
IR_1	Retrieve the SPARQL endpoint status of NoiPA in the date September 7th, 2025?	On	Based on the data provided, the SPARQL endpoint status for NoiPA on September 7th, 2025 was: Status: Available The SPARQL endpoint URL for NoiPA on that date was: https://sparql-noipa.mef.gov.it/sparql	1	1	1		1						
IR_1	Is the NoiPA SPARQL endpoint up in the last assessment?	On	Yes, the NoiPA SPARQL endpoint was up and available in the last assessment on 2025-09-07. Key details: Status: Available Endpoint URL: https://sparql-noipa.mef.gov.it/sparql Assessment date: 2025-09-07 (most recent in the data) The data shows consistent "Available" status across all assessment dates (2025-05-04, 2025-06-01, 2025-07-13, 2025-08-03, and 2025-09-07), indicating the endpoint has maintained stable availability throughout the monitoring period. 	1	1	1		1						
IR_2	Which is the amount of data of the LiLa Lemma Bank dataset?	1,699,687	Based on the provided data, the LiLa Lemma Bank dataset contains: 1,699,687 triples (as reported in the metadata across multiple timestamps from May to September 2025). Additionally, the dataset is described as "a collection of approximately 200,000 canonical forms for Latin that is used to interlink the linguistic resources in the LiLa Knowledge Base." 	1	1	1		1						
IR_2	How many triples does LiLa Lemma Bank have?	1,699,687	Based on the provided data, the LiLa Lemma Bank contains 1,699,687 triples (as measured in metadata from May-September 2025). It's worth noting there's also a "Number of triples linked" metric showing 3,318,298, which likely represents triples that connect to external resources rather than the dataset's own size. The data also mentions the Lemma Bank contains approximately 200,000 canonical forms for Latin, which are modeled using the Ontolex ontology. 	1	1	1		1						
IR_3	Which is the license of the DBLP dataset?	CC-0	The DBLP dataset (dblp-kg) is licensed under CC0 1.0 Universal (Creative Commons Zero). Key evidence: Machine-readable license: http://www.opendefinition.org/licenses/cc-zero and https://creativecommons.org/publicdomain/zero/1.0/ License detection: The metric "R1.1 Machine- or human-readable license retrievable via any primary source" consistently scores 1.0 across all measurement timestamps (2025-05-04, 2025-06-01, 2025-07-13, 2025-08-03, 2025-09-07), confirming a license is explicitly reported. This indicates the dataset is dedicated to the public domain with no copyright restrictions.	1	1	1		1						
IR_3	How is DBLP licensed?	CC-0	Based on the provided metrics, the DBLP Knowledge Graph (dblp-kg) is licensed under CC0 (Creative Commons Zero), which is a public domain dedication. Key Licensing Details: License Type: CC0 1.0 Universal Machine-readable identifier: http://www.opendefinition.org/licenses/cc-zero Human-readable URL: https://creativecommons.org/publicdomain/zero/1.0/ License Detection: R1.1 Metric: The license is explicitly reported and retrievable (score: 1.0/1.0) via primary sources Machine-readable: Yes, detected in both metadata and SPARQL query results Human-readable: Not detected via SPARQL endpoint queries (marked as "-"), but this appears to be a measurement limitation rather than absence of the license Licensing Score: 0.5/1.0, indicating partial fulfillment of all licensing dimension requirements The CC0 license means the DBLP Knowledge Graph is dedicated to the public domain, allowing free use, modification, and distribution without restrictions.	1	1	1		1						
IR_4	Which is the accuracy score of WordNet?	0.00	The accuracy score for WordNet is 0.000000. This is consistently reported across multiple measurement timestamps in 2025: Timestamp: 2025-09-07, Dataset: w3c-wordnet → 0.000000 Timestamp: 2025-08-03, Dataset: w3c-wordnet → 0.000000 Timestamp: 2025-07-13, Dataset: w3c-wordnet → 0.000000 Timestamp: 2025-06-01, Dataset: w3c-wordnet → 0.000000 Timestamp: 2025-05-04, Dataset: w3c-wordnet → 0.000000 According to the data definition, "Accuracy score" is an overall score for the accuracy dimension with a range of [0,1], where 1 is the best value.	1	0	1		1						
IR_4	How accurate is WordNet?	0.00	According to the quality assessment data provided, WordNet has an accuracy score of 0.000000 (the lowest possible score). Key Findings The dataset shows consistent accuracy measurements across multiple timestamps in 2025: Table Copy Timestamp Accuracy Score 2025-09-07 0.000000 2025-08-03 0.000000 2025-07-13 0.000000 2025-06-01 0.000000 2025-05-04 0.000000 Context & Interpretation What this means: The accuracy measurement falls under the "Intrinsic" dimension of data quality assessment A score of 0.000000 indicates that, according to this particular quality framework, WordNet fails to meet the established accuracy criteria Important caveats: This measurement is specific to "w3c-wordnet" - the RDF/OWL conversion of Princeton WordNet The methodology for calculating "Accuracy" is not detailed in this excerpt, but it likely evaluates factual correctness, error rates, or validation against ground truth data WordNet performs better on other quality dimensions in the same assessment: Believability score: 0.800000 (consistently high) Verifiability score: 0.331667 (moderate) Recommendation This accuracy score reflects a technical assessment against specific criteria rather than WordNet's general linguistic utility. For most natural language processing and research applications, WordNet remains a valuable resource, but this data suggests potential quality issues that may affect its reliability for certain use cases requiring high factual precision. 	1	0	1		1						
IR_5	What is the trust value of the Linked Open Camera dataset?	0.5	The trust value of the Linked Open Camera dataset (identified as "bpr" in the data) is 0.500000. This value is consistent across all measurement timestamps in 2025: May 4, 2025: 0.500000 June 1, 2025: 0.500000 July 13, 2025: 0.500000 August 3, 2025: 0.500000 September 7, 2025: 0.500000 The trust value represents meta-information about the identity of the information provider, scored on a scale from 0 to 1, where 0.5 indicates a moderate trust level for this dataset. 	1	1	1		1						
IR_5	How trustworthy is the Linked Open Camera dataset?	0.5	Based on the quality assessment data provided, the Linked Open Camera dataset (bpr dataset from dati.camera.it) shows moderate trustworthiness with significant strengths in some areas but notable concerns in others. Overall Trust Assessment Trust Score: 5/10 (Medium) The dataset maintains a consistent trust value of 0.5 out of 1.0 across all measurement periods (May-September 2025), indicating it is moderately trustworthy but not among the most reliable sources. Detailed Quality Breakdown Strengths Accuracy: Perfect (1.0/1.0) - The data content appears to be factually correct Security: Excellent (1.0/1.0) - Strong security measures in place Accessibility: Very Good (A score: 1.0/1.0) - Well accessible via SPARQL endpoint and downloads Representational Consistency: High (0.876/1.0) - Good internal consistency in data structure Major Concerns Verifiability: Very Poor (0.11/1.0) - Difficult to verify the origins and authenticity of the data Reputation: Very Low (0.000008) - Extremely low reputation score, suggesting limited community trust or recognition Not on Trusted Provider List: False - The provider is not listed among recognized trusted sources Ontology Hijacking: Present (True) - The dataset redefines terms from standard ontologies, which can cause semantic conflicts Mixed Results Believability: Medium (0.5/1.0) - Moderate credibility Consistency: Variable (0.3-0.6) - Inconsistent performance over time FAIR Score: 2.57-2.82 - Moderate FAIR compliance (Findable, Accessible, Interoperable, Reusable) HTTPS Support: No (False) - The SPARQL endpoint does not use encrypted connections Key Issues Low Verifiability (0.11) - This is the most serious concern. It means there's limited metadata about data sources, authors, or verification methods, making it hard to confirm data authenticity. Ontology Hijacking - The dataset defines its own terms for concepts that exist in standard ontologies, which can lead to semantic confusion and integration problems. Reputation Problem - The near-zero reputation score suggests the dataset is not widely cited or recognized in the Linked Data community. No Trusted Provider Status - It's not included in registries of trusted data providers. Conclusion The Linked Open Camera dataset is moderately trustworthy for use, particularly strong in data accuracy and security, but should be used with caution. The low verifiability and ontology hijacking issues mean you should: Cross-reference critical data with other sources Be aware of potential semantic inconsistencies Consider the reputation limitations when using it for high-stakes applications For applications requiring high trust and verifiability, you may want to supplement this dataset with additional verification or prefer datasets from trusted provider lists.	1	1	1		1						
TA_1	Is the number of triples of NoiPA retrieved via the SPARQL endpoint always the same?	No, they slightly increase over time.	No, the number of triples retrieved via the SPARQL endpoint for NoiPA is not always the same. The data shows a consistent increase over time: May 4, 2025: 412,894,535 triples June 1, 2025: 419,389,676 triples (+6.5 million) July 13, 2025: 432,861,574 triples (+13.5 million) August 3, 2025: 439,796,613 triples (+6.9 million) September 7, 2025: 446,170,057 triples (+6.4 million) This steady growth (~6-7 million triples per month) indicates that the NoiPA dataset is actively maintained and regularly updated with new data. 	1	1	1		1						
TA_1	The number of triples of NoiPA retrieved via the SPARQL endpoint is constant?	No, they slightly increase over time.	No, the number of triples of NoiPA retrieved via the SPARQL endpoint is not constant. Based on the measurements in the data, the number of triples (query) shows a steady increase over time: 2025-05-04: 412,894,535 triples 2025-06-01: 419,389,676 triples 2025-07-13: 432,861,574 triples 2025-08-03: 439,796,613 triples 2025-09-07: 446,170,057 triples This represents a growth of over 33 million triples (approximately 8% increase) during the 4-month observation period. The consistent upward trend indicates the dataset is actively growing, with new triples being added regularly. Note: While the "Number of triples (metadata)" values remain constant at 340,000,000 across all timestamps, these metadata values do not reflect the actual dynamic count retrieved from the SPARQL endpoint. The query-based measurements represent the live dataset size and clearly demonstrate it is not static. 	1	1	1		1						
TA_2	Is the SPARQL endpoint of DBLP always available?	Yes	Based on the assessment data from multiple timestamps in 2025, the DBLP SPARQL endpoint has consistently been available during the monitored period. Here are the key findings: Availability Status: Status: "Available" across all measurement timestamps (May, June, July, August, and September 2025) SPARQL Endpoint URL: https://sparql.dblp.org/sparql (consistently reported) Supporting Evidence: The dataset dblp-kg shows an "Availability score" ranging from 0.75 to 1.0 across different timestamps, indicating high reliability. For example: September 7, 2025: 0.75 July 13, 2025: 1.0 (perfect score) May 4, 2025: 0.975 Important Caveat: While the data demonstrates consistent availability during the measurement period, these are periodic checks (not continuous monitoring). Therefore, we cannot definitively claim the endpoint is available 100% of the time ("always"), but the evidence strongly suggests it is highly reliable and well-maintained. The dblp Knowledge Graph is described as being "synchronized daily with the current and curated data of the dblp bibliography," which indicates active maintenance.	1	1	1		1						
TA_2	Is the DBLP SPARQL endpoint always up?	Yes	Based on the monitoring data provided, the DBLP SPARQL endpoint appears to be highly available, but the data does not support a claim of 100% uptime. What the data shows: Consistent Availability Checks (May-September 2025) All specific "Sparql endpoint" measurements for dblp-kg show Available status: 2025-09-07: Available 2025-08-03: Available 2025-07-13: Available 2025-06-01: Available 2025-05-04: Available Endpoint URL The SPARQL endpoint URL is consistently reported as: https://sparql.dblp.org/sparql Availability Scores Vary While the endpoint itself was reachable during checks, the overall "Availability score" for dblp-kg fluctuates between 0.5 and 1.0 across different timestamps, suggesting that some related services or data access methods may experience intermittent issues. Important caveats: Sampled monitoring only – These are periodic checks (roughly monthly), not continuous monitoring. Outages between check times wouldn't be captured. "Available" ≠ "always up" – The data shows 5 successful checks over 4 months, which is strong evidence of reliability, but cannot prove uninterrupted availability. No "Offline" records – No entries show an explicit "Offline" status for the SPARQL endpoint during this period. Bottom line: The DBLP SPARQL endpoint demonstrates excellent uptime reliability based on the 2025 monitoring data, with every recorded check showing it as available. However, without continuous monitoring data, it's impossible to say definitively that it's "always up." For mission-critical applications, you should implement your own health checks and have fallback plans, as with any external service. 	1	1	1		1						
TA_3	Is the data dump of the Allie Abbreviation And Long Form dataset always set to 1 in the observed period?	No, it is discontinuous	No. While the Availability of RDF dump (metadata) for the Allie dataset was consistently 1.0 for most of the observed period (May through August 2025), it dropped to 0.0 on 2025-09-07. Timeline of values: 2025-05-04: 1.000000 2025-06-01: 1.000000 2025-07-13: 1.000000 2025-08-03: 1.000000 2025-09-07: 0.000000 (indicating the RDF dump was unavailable or not detected at this measurement point)	1	1	1		1						
TA_3	Is the data dump of the Allie Abbreviation And Long Form dataset always up?	No, it is discontinuous	Based on the quality assessment data for the Allie Abbreviation and Long Form Database in Life Science, the RDF dump is NOT always up. Key Findings: 1. Dump Availability Status: Query-based access: Consistently False (unavailable) across all measurement timestamps (2025-05-04, 2025-06-01, 2025-07-13, 2025-08-03) Metadata-based access: Usually available (1.0) but dropped to 0.0 on the latest check (2025-09-07) Download availability: Consistently False for query-based access across all timestamps 2. Inactive Links: The dataset has persistent issues with inactive links, measured as True (meaning links are broken/inactive) at every timestamp from May through September 2025. 3. Offline Dump URLs Provided: The system does provide FTP URLs for offline access: ftp://ftp.dbcls.jp/allie/allie_rdf/allie_rdf_nt_latest.gz ftp://ftp.dbcls.jp/allie/allie_rdf/ However, the "Inactive links" measure being True suggests these FTP links may not be consistently reliable. Conclusion: While the dataset provides FTP URLs for downloading the RDF dump, the automated availability checks show the dump is frequently offline or inaccessible, particularly through standard query interfaces. The most recent assessment (September 2025) indicates complete unavailability via metadata-based access. Users should not assume the dump is always available and may need to verify FTP access manually. 	1	1	1		1						
TA_4	Is the accuracy of NoiPA constant over time?	No	Based on the measurement data provided, the accuracy of NoiPA is nearly constant over time, with only a minor fluctuation. Accuracy Scores by Timestamp: 2025-05-04: 0.999700 2025-06-01: 0.999700 (no change) 2025-07-13: 0.999660 (slight decrease of 0.00004) 2025-08-03: 0.999660 (stable) 2025-09-07: 0.999660 (stable) Key Observations: Initial Stability: The accuracy remained at 0.999700 for two consecutive months (May-June 2025) Minor Drop: A small decrease to 0.999660 occurred in July 2025 (a change of only 0.004%) Subsequent Stability: The accuracy held steady at 0.999660 for the next two months (August-September 2025) Conclusion: While not perfectly constant, the accuracy shows exceptional stability. The single minor adjustment in July appears to be an isolated fluctuation rather than a trend, as the value remained unchanged thereafter. The overall variance across five months is just 0.00004 (0.004%), which is negligible in practical terms.	1	1	1		1						
TA_4	Does the accuracy of NoiPA remain consistent over time?	No	with only an extremely minor variation. Accuracy scores for NoiPA across timestamps: Table Copy Timestamp Accuracy Score 2025-05-04 0.999700 2025-06-01 0.999700 2025-07-13 0.999660 2025-08-03 0.999660 2025-09-07 0.999660 Key observations: Exceptional stability: The accuracy hovers around 99.97% across all measurements, indicating outstanding data quality. Negligible change: There was a microscopic drop of 0.00004 (0.004 percentage points) between June and July 2025, which is well within normal measurement variance and not practically significant. Plateau after change: Following the July measurement, the accuracy score remained locked at 0.999660 through September, demonstrating perfect stability. Intrinsic dimension: The accuracy measure is classified under the "Intrinsic" quality dimension, meaning it reflects internal data correctness rather than external factors. Conclusion: From a practical standpoint, NoiPA's accuracy can be considered consistently stable at an extremely high level. The tiny fluctuation observed is statistically insignificant and doesn't indicate any meaningful degradation or improvement in data accuracy over the monitoring period.	1	0.5	1		1						
TA_5	What is the longest continuous period in which the Allie Abbreviation And Long Form dataset data dump has been equals to 1?	91 days	Based on the data quality metrics for the Allie Abbreviation And Long Form Database in Life Science dataset, the longest continuous period where the RDF dump availability score equals 1 is 91 days. Key Details: Measure: "Availability of RDF dump (metadata)" Period: May 4, 2025 to August 3, 2025 (inclusive) Values: The metric remained at 1.000000 across four consecutive measurement points: 2025-05-04: 1.000000 2025-06-01: 1.000000 2025-07-13: 1.000000 2025-08-03: 1.000000 Subsequent Change: The value dropped to 0.000000 on September 7, 2025. The next measurement on September 7, 2025 showed a decline to 0.0, marking the end of the continuous period where full RDF dump availability was maintained. 	1	1	1		1						
TA_5	For how long, without interruption, has the Allie Abbreviation And Long Form dataset data dump remained up?	91 days	Based on the availability data for the Allie Abbreviation And Long Form Database in Life Science, the RDF dump remained continuously available for 92 days without interruption. Details: Start Date: 2025-05-04 (first measurement showing availability = 1.0) End Date: 2025-08-03 (last measurement showing availability = 1.0) Interruption: Detected on 2025-09-07 (availability dropped to 0.0) This duration was determined by tracking the "Availability of RDF dump (metadata)" measure, which showed consistent availability across all measurement points until the unavailability was recorded in the September 2025 assessment.	1	1	1		1						
Co_1	Which dataset has the highest number of triples?	DBLP	Based on the data provided, dblp-kg has the highest number of triples with 1,452,862,425 triples (recorded on timestamp 2025-09-07 via query). Here are the top datasets by number of triples: dblp-kg: ~1.45 billion triples NoiPA: ~432 million triples bpr: ~439 million triples allie-abbreviation-and-long-form-database-in-life-science: ~309 million triples micro-coronavirus: ~80 million triples The dblp-kg dataset consistently shows the highest values across multiple timestamps, with measurements from SPARQL queries ranging from approximately 1.43 to 1.45 billion triples. 	1	1	1		1						
Co_1	Which is the biggest dataset among the compared ones?	DBLP	Based on the data provided, the dblp Knowledge Graph (dblp-kg) is the biggest dataset among those compared. Evidence: The "Number of triples (query)" metric for dblp-kg shows 1,446,280,845 triples (as of timestamp 2025-07-13), which is the largest value in the entire dataset. Other large datasets pale in comparison: NoiPA: 340,000,000 triples (metadata) and up to 446,170,057 triples (query) LemmaBank: 1,699,687 triples (metadata) bpr: 366,800 triples (metadata) w3c-wordnet: 710,000 triples (metadata) The dblp-kg contains over 1.4 billion triples, making it an order of magnitude larger than any other dataset in the comparison. 	1	1	1		1						
Co_2	Which is the dataset performing worst in the license metric?	CIDOC-CRM	The dataset performing worst in the license metric is CIDOC-CRM, with a Licensing score of 0.000000 across all measurement timestamps (2025-05-04, 2025-06-01, 2025-07-13, 2025-08-03, and 2025-09-07). This indicates that CIDOC-CRM has no detectable licensing information, as confirmed by: License machine-readable (metadata): consistently "False" R1.1 Machine- or human-readable license retrievable: score of 0.000000 License human-readable: "-" (missing) All other measured datasets have licensing scores of at least 0.5 or higher, making CIDOC-CRM the clear outlier with the poorest performance in this dimension. 	1	1	1		1						
Co_2	Which is the worst performing dataset in the license metric?	CIDOC-CRM	Based on the data, the worst performing dataset in the license metric is CIDOC-CRM, with a licensing score of  0.000000  . This is the minimum possible score (range is [0,1]), indicating the poorest performance across all datasets measured.	1	1	1		1						
Co_3	What is the mean score for the accuracy dimension?	0.50	Based on the data provided, the mean score for the Accuracy dimension is approximately 0.538. Calculation Details: Total number of accuracy measurements: 45 Sum of all accuracy scores: 24.198354 Mean: 24.198354 ÷ 45 = 0.5377 (rounded to 0.538) The accuracy scores varied significantly across different datasets, ranging from 0.000000 to 1.000000, with most values clustering at either extreme. 	0	0	0		0						
Co_3	What is the mean value of the accuracy dimension?	0.50	Based on the provided data, the mean value of the accuracy dimension across all measurements is 0.5574. Here's the breakdown of the calculation: Total accuracy score measurements: 47 (across 10 datasets and multiple timestamps) Sum of all accuracy scores: 26.198354 Mean calculation: 26.198354 ÷ 47 = 0.557411787... The accuracy scores vary significantly by dataset: High performers (e.g., dblp-kg, micro-coronavirus, allie-abbreviation): 1.0000 Medium performers (e.g., NoiPA, environment-agency): ~0.9997 Mixed performers (e.g., bpr): 0.6000 - 1.0000 Low performers (e.g., w3c-wordnet, LemmaBank, CIDOC-CRM, bbc-programmes): 0.0000 This mean represents the overall average accuracy across all datasets and time periods measured in the dataset.	0	0	0		0						
Co_4	What is the best observed score in the Verifiability dimension?	0.4983 (NoiPA, Allie, Bathing Water Quality)	The best observed score in the Verifiability dimension is 0.498333, measured for the NoiPA dataset across multiple timestamps (2025-05-04, 2025-06-01, 2025-07-13, 2025-08-03, 2025-09-07). This score also appears for the "allie-abbreviation-and-long-form-database-in-life-science" and "environment-agency-bathing-water-quality" datasets. 	1	1	1		1						
Co_4	What is the highest observed Verifiability score?	0.4983 (NoiPA, Allie, Bathing Water Quality)	Highest observed Verifiability score: 0.498333 This score appears across multiple datasets including NoiPA, allie-abbreviation-and-long-form-database-in-life-science, and environment-agency-bathing-water-quality, with timestamps ranging from 2025-05-04 to 2025-09-07.	1	1	1		1						
Co_5	What are the highest-performing dimensions in September 2025?	License, Performance, Accuracy, Believability, Currency, Timeliness, Security, Conciseness and Interpretability	Based on the quality assessment data from September 7, 2025, the highest-performing dimensions across monitored knowledge graphs are: Top-Ranked Dimensions 1. Security (Perfect Score) Score: 1.000000 Dataset: bpr Description: Represents data protection and access control measures. Achieved a perfect score indicating robust security implementations. 2. Accuracy (Perfect Score) Score: 1.000000 Dataset: bpr Description: Measures correctness of data content. The perfect score indicates no detected errors or inconsistencies. 3. Performance (Perfect Score - NoiPA) Score: 1.000000 Dataset: NoiPA Description: "Overall score for the performance dimension computed as a linear combination of individual performance metrics." Range: [0,1], where 1 is best. 4. Interpretability (Near-Perfect Score) Score: 0.997892 Dataset: bpr Description: Reflects how well data semantics are represented and understandable. This near-perfect score indicates excellent semantic clarity. 5. Conciseness (Excellent Score) Score: 0.884249 Dataset: bpr Description: Measures compactness of representation without information loss. This high score indicates efficient data structure. Additional Strong Performers Trust also shows solid performance across multiple datasets: CIDOC-CRM: 0.750000 dblp-kg: 0.750000 NoiPA: 0.750000 bpr: 0.500000 Key Insights Dataset bpr leads in most intrinsic quality dimensions (Security, Accuracy, Interpretability, Conciseness) NoiPA achieves perfect performance specifically for operational performance metrics Trust dimensions show consistent strength (0.75+) across most datasets except bpr Representational dimensions (Interpretability, Versatility) vary significantly, with bpr scoring highest at 0.997892 These scores represent the consolidated assessment at the measurement date, with 1.0 being the optimal value for all dimensions.	0,5	0,5	0,5		0,5						
Co_5	What are the dimensions performing better in September 2025?	License, Performance, Accuracy, Believability, Currency, Timeliness, Security, Conciseness and Interpretability	Based on the RDF quality assessment data for September 2025 (timestamp: 2025-09-07), the dimensions performing better are: Top Performing Dimensions 1. Security Score: Perfect 1.000000 for the bpr dataset Context: Achieved maximum security score consistently across multiple months, indicating robust access controls and protection measures 2. Accuracy Score: Perfect 1.000000 for the bpr dataset Trend: Significant improvement from 0.600000 in May/June to 1.000000 from July onward Context: Represents data correctness and freedom from errors 3. Currency Score: Perfect 1.000000 for the bpr dataset Stability: Maintained perfect score consistently from May through September 2025 Context: Indicates data is fully up-to-date and reflects the current state 4. Performance Scores: Perfect 1.000000 for NoiPA and dblp-kg datasets Strong 0.507500 for bpr dataset Context: Measures system responsiveness and throughput efficiency 5. Interpretability Score: 0.997892 for bpr dataset (near-perfect) Context: Reflects how well data semantics are defined and understandable Notable Improvements Leading to September 2025 FAIR Score (Findable, Accessible, Interoperable, Reusable) bpr dataset: Improved from 1.740000 (May) → 2.030000 (June/July) → 2.880000 (August/September) This represents a 65% improvement over the 5-month period Accuracy Score bpr dataset: Jumped from 0.600000 (May/June) to 1.000000 (July-September) This indicates major data quality enhancements implemented in early July Dataset-Specific Highlights in September 2025 Table Copy Dataset Top Dimensions Performance Indicators bpr Security, Accuracy, Currency All scored 1.0; Strong FAIR score (2.88) NoiPA Performance, Trust Perfect performance (1.0); High trust (0.75) dblp-kg Performance, Trust Perfect performance (1.0); High trust (0.75) Summary Security, Accuracy, and Currency are the standout dimensions in September 2025, achieving perfect or near-perfect scores across multiple datasets. The consistent high performance in Security and Currency throughout 2025, combined with the dramatic improvement in Accuracy mid-year, indicates these dimensions have been prioritized and are performing optimally. The FAIR score also shows a strong upward trajectory, suggesting improving data management practices.	0.5	0.5	1		0,5						
E&D_1	Why is the availability score equals to 1 for the DBLP dataset?	Because all the metrics in the availability dimension can be correctly computed	The DBLP Knowledge Graph (dblp-kg) achieves an availability score of 1.0 at certain timestamps (e.g., July 13, August 3, and September 7, 2025) because multiple access mechanisms are confirmed to be working simultaneously. This represents the highest possible availability rating. Key Factors Contributing to Score = 1.0 Based on the metrics from those dates, the perfect score is driven by: 1. Operational SPARQL Endpoint "Sparql endpoint": "Available" - The SPARQL endpoint is online and responding to queries SPARQL endpoint URL: https://sparql.dblp.org/sparql is provided and functional 2. Working Access Points (FAIR Metric) "A1-D Working access point(s)": 1.000000 - This FAIR dimension metric confirms at least one operational access method (SPARQL endpoint or data dump) is fully functional Description: "1: operational SPARQL or accessible data dump; 0.5: accessible SPARQL endpoint or data dump; 0: otherwise" 3. Metadata-Confirmed RDF Dump Availability Even though direct query checks show the RDF dump as offline: "Availability of RDF dump (metadata)": 1.000000 - The metadata or VoID file confirms the dump is online "Availability for download (metadata)": 1.000000 - Metadata confirms download capability Download URLs are provided: ['https://doi.org/10.4230/dblp.rdf.ntriples', 'https://dblp.org/rdf/dblp.ttl.gz'] 4. Additional Supporting Metrics "A1-M Metadata availability via working primary sources": 1.000000 "A2-M Registered in search engines": 1.000000 (metadata is discoverable) Why the Score Varies Over Time The availability score is not always 1.0 for DBLP: May 4, 2025: 0.975 June 1, 2025: 0.500 (dip likely due to transient endpoint issues) July-August 2025: 1.000 (optimal configuration) September 7, 2025: 0.750 (partial degradation) This fluctuation reflects real-world operational conditions where endpoints, dumps, or metadata accessibility may experience temporary issues. Conclusion The availability score of 1.0 is achieved when the SPARQL endpoint is confirmed available, metadata validates dump accessibility, and multiple download mechanisms are in place. This represents a state where the dataset is maximally accessible through both query and download interfaces, meeting all criteria for full availability.   	1	0	0		0						
E&D_1	Why does the DBLP dataset have an availability score of 1?	Because all the metrics in the availability dimension can be correctly computed	Based on the quality metrics data, the DBLP Knowledge Graph (dblp-kg) achieved an availability score of 1.0 at specific timestamps (2025-07-13 and 2025-08-03) because all critical availability components scored perfectly during those measurement periods. Why the Score Reached 1.0 The availability score is calculated as a linear combination of individual availability metrics. At those times, dblp-kg had perfect scores across all core access and metadata availability measures: Perfect Metrics (1.000000): A1-M Metadata availability via working primary sources: 1.0 A1-D Working access point(s): 1.0 (operational SPARQL and accessible data dump) A2-M Registered in search engines: 1.0 F2a-M Metadata availability via standard primary sources: 1.0 F4-M Metadata registered in a searchable engine: 1.0 R1.1 Machine- or human-readable license retrievable: 1.0 SPARQL endpoint: "Available" Availability for download (metadata): 1.0 Availability of RDF dump (metadata): 1.0 Imperfect But Non-Critical Metrics: Availability of RDF dump (query): False (query dump not downloadable) Availability VoID file: "VoID file absent" Key Insight The metadata access pathways (which are weighted heavily in the availability calculation) were all fully functional, while the limitations were in optional query-specific downloads and VoID descriptors, which appear to have lower weight or be excluded from the core availability calculation. This demonstrates that perfect metadata accessibility and working endpoints can yield a maximum availability score even when some supplementary distribution formats are missing. 	0	0	0		0						
E&D_2	Does a score of amount of data equals to 0 mean that the dataset is empty?	No, it means that the amount of data cannot be computed via the SPARQL endpoint and it is not declared in the metadata.	Based on the data quality framework shown in your results, an Amount of data score of 0 does not necessarily mean the dataset is empty. Instead, it indicates that the measurement framework could not access or retrieve any measurable data from the dataset across all underlying metrics. Here's what the score actually represents: Key Points: Composite Score: The "Amount of data score" is a linear combination of individual metrics like: Number of triples (from SPARQL query or metadata) Number of entities Number of properties Measurement Failure: A score of 0 typically means all underlying metrics failed, likely due to: Missing or inaccessible SPARQL endpoint No retrievable metadata Complete inability to query the dataset Not Just "Empty": Even an empty but properly accessible dataset might score slightly higher than 0 if the endpoint responds successfully (showing 0 triples). A true 0 suggests measurement failure, not just absence of content. Evidence from Your Data: In this specific dataset, no dataset actually has an Amount of data score of 0. The lowest scores shown are: 0.333333 for datasets like w3c-wordnet, CIDOC-CRM, LemmaBank 0.666667 for datasets like NoiPA, bpr, micro-coronavirus This suggests the measurement tool encountered partial success even for smaller or less accessible datasets. Conclusion: Treat a score of 0 as "completely unmeasurable due to access failures" rather than simply "empty".	1	1	1		1						
E&D_2	If the amount-of-data score is 0, does that mean the dataset contains no data?	No, it means that the amount of data cannot be computed via the SPARQL endpoint and it is not declared in the metadata.	No, an amount-of-data score of 0 does not necessarily mean the dataset contains no data. Based on the metric definition in your data, the "Amount of data score" is: An overall composite score ranging from 0 to 1 (best value = 1) Computed as a linear combination of individual metrics like: Number of triples Number of entities Number of properties A score of 0 would indicate no measurable data according to the specific metrics used, which could happen when: The SPARQL endpoint is missing or non-functional (many measurements show "measure value: None" or "-" when endpoints are absent) Metadata files (VoID) are missing or can't be retrieved The dataset structure prevents successful queries for these metrics However, the dataset might still contain data that's simply inaccessible to the measurement tools. For example: w3c-wordnet consistently scores 0.333333 (not 0) but shows "measure value: None" for many queries dblp-kg shows metadata triples count as 0.000000 for some timestamps, but still has actual data The score reflects measurement accessibility and normalized quantity, not absolute data existence.	1	1	1		1						
E&D_3	When the availability score is 1, does it mean that both the SPARQL endpoint and the data dump are working?	Yes	Based on the data, yes, an availability score of 1.0 indicates that both the SPARQL endpoint and the RDF dump are working. Evidence from the Data The availability score appears to be calculated as a linear combination where: Only a working SPARQL endpoint (no RDF dump) = 0.5 Only an available RDF dump (no SPARQL endpoint) = 0.5 Both working = 1.0 Examples: dblp-kg (score = 1.0): SPARQL endpoint: Available RDF dump (metadata): 1.000000 RDF dump (query): False (but metadata check passes) bpr (score = 1.0): SPARQL endpoint: Available RDF dump (metadata): 1.000000 RDF dump (query): False Contrast with score = 0.5 cases: w3c-wordnet (score = 0.5): SPARQL endpoint: - (missing) RDF dump (metadata): 1.000000 NoiPA (score = 0.5): SPARQL endpoint: Available RDF dump (metadata): -1.000000 (missing) Key Metrics Involved The score integrates several availability metrics: "Sparql endpoint" - checks if endpoint responds "Availability of RDF dump (metadata)" - checks dump availability via metadata "A1-D Working access point(s)" - gives 1.0 for operational SPARQL or accessible dump The composite score of 1.0 requires both primary access methods to be fully functional.	1	1	1		1						
E&D_3	if the availability score is 1, does that mean both the SPARQL endpoint and the data dump are up?	Yes	Based on the data provided, an Availability score of 1.000000 generally indicates that both the SPARQL endpoint and RDF dump are accessible. However, the scoring system is more nuanced than a simple binary check: Key Evidence from the Data: A1-D Working access point(s) metric: This component shows: 1.0 = "operational SPARQL or accessible data dump" 0.5 = "accessible SPARQL endpoint or data dump" Full Availability Score Patterns: dblp-kg achieves scores of 1.000000 when: Sparql endpoint: Available Availability of RDF dump (metadata): 1.000000 w3c-wordnet has A1-D Working access point(s): 1.000000 but only scores 0.500000 because its SPARQL endpoint is missing ("-") despite having an accessible RDF dump. Partial Availability Examples: LemmaBank scores 0.500000 with no SPARQL endpoint but RDF dump available NoiPA scores 0.500000 with SPARQL endpoint but no RDF dump micro-coronavirus scores ~0.74 with SPARQL endpoint but no dump (suggesting other factors may weight the score) Conclusion: Yes, a score of 1 typically requires both access methods to be operational. The score appears to be a weighted combination where: 1.0 = Both SPARQL endpoint and RDF dump fully accessible 0.5-0.99 = Only one method accessible or partial availability 0.5 = Exactly one method accessible (most common case) The inconsistencies for datasets like micro-coronavirus suggest the algorithm may consider additional factors like download endpoints or have dataset-specific weightings, but the core principle remains: maximum availability requires both primary access methods to be functional.	1	0	1		1						
E&D_4	if license is set to 1, does it mean that an open license is used?	No, it means that a license is specified	Based on the data, a value of 1 for the R1.1 metric means a license is explicitly reported and machine- or human-readable, but it does not inherently guarantee the license is open. Key Details: What R1.1 Actually Measures: The metric description states: "output":"1: license explicitly reported; 0: otherwise" It's a binary presence/absence indicator, not an openness validator License Values When R1.1=1: When datasets score 1.0 on R1.1, the actual license values captured include: http://www.opendefinition.org/licenses/cc-by-sa (Creative Commons BY-SA) http://www.opendefinition.org/licenses/cc-zero (CC0/Public Domain) https://creativecommons.org/licenses/by/4.0/ (CC BY 4.0) https://www.apache.org/licenses/LICENSE-2.0 (Apache 2.0) http://reference.data.gov.uk/id/open-government-licence (UK Open Government License) Important Distinction: The metric confirms license presence and retrievability, not license type In practice within this dataset, all detected licenses are open, but the measure itself doesn't evaluate openness For openness evaluation, you'd need to examine the actual license URI values, not just the R1.1 binary score Bottom line: R1.1=1 confirms a license exists and is accessible, but you must check the specific license URI to verify it's an open license.	0.5	0.5	0.5		0,5						
E&D_4	If license is set to 1, does it mean that an open license is used?	No, it means that a license is specified	No, a value of 1 for the license metric does not necessarily mean an open license is used. Based on the data, the metric "R1.1 Machine- or human-readable license retrievable via any primary source" has a binary output where: 1: A license is explicitly reported and retrievable 0: No license is found This metric only confirms presence and retrievability of some license, not its type or openness. To determine if a license is open, you must check the actual license URL: The following metrics return the specific license identifier: "License machine redeable (metadata)" "License machine redeable (query)" Examples of open licenses found in the data: http://www.opendefinition.org/licenses/cc-by-sa (Creative Commons BY-SA) https://creativecommons.org/licenses/by/3.0/deed.it (Creative Commons BY 3.0) http://www.opendefinition.org/licenses/cc-zero (CC0 Public Domain) http://reference.data.gov.uk/id/open-government-licence (UK Open Government Licence) Key takeaway: A value of 1 means "a license exists and can be found." To verify if it's an open license, you need to examine the actual license URL returned by the other metrics to see if it matches known open license standards (e.g., Creative Commons, Open Definition, Open Government Licence).	0.5	0.5	0.5		0,5						
E&D_5	If verifiability is set to 1, does it mean that all information about providers are set?	Yes	Based on the data, a Verifiability score of 1 does NOT necessarily mean all information about providers is set. Here's why: What Verifiability Score Actually Measures The Verifiability score is described as "an overall score computed as a linear combination of individual verifiability metrics," where 1 is the best value. The metrics that contribute to this dimension are specifically: Author (metadata): Whether author name/email is indicated Contributor: Whether contributors are listed Publisher: Whether publishers are listed Sources: Whether source website/name/email is indicated Key Distinction: Verifiability vs. Believability Crucially, provider trust information belongs to a different dimension (Believability), NOT Verifiability: "Is on a trusted provider list" → Believability dimension "Trust value" → Believability dimension So a Verifiability score of 1.0 would mean perfect scores on identifying who the providers are (authors, contributors, publishers, sources), but says nothing about whether those providers are trusted or on a trusted list. Evidence from the Data No dataset in the provided data achieves a Verifiability score of 1.0. The highest scores are: NoiPA: 0.498 (Author: "Name: absent. email: whitehall.reply@gmail.com", Contributors: [], Publishers: []) CIDOC-CRM: 0.331 (Author: "Name: absent. email: absent", Contributors/Publishers: missing endpoint) Even environment-agency-bathing-water-quality, which has "Is on a trusted provider list": True, only scores 0.165 on Verifiability—demonstrating that being trusted doesn't guarantee complete provider metadata. Conclusion A Verifiability score of 1.0 would indicate that all identification details about providers (names, emails, affiliations) are perfectly documented and accessible. However, it does not include whether those providers are on a trusted list or their overall trustworthiness—that's measured separately by the Believability dimension.	0,5	0	0		0						
E&D_5	If the verifiability score is 1, does it mean that all provider information is available?	Yes	Based on the data structure, a verifiability score of 1 would indeed indicate that all provider information is available, but with an important distinction about what "provider information" means in this context. What Verifiability Score Measures The verifiability score is a composite metric that aggregates scores from individual verifiability metrics: Sources: website, name, and email of the source Author (query/metadata): author information from SPARQL endpoint or metadata Contributor: contributor information Publisher: publisher information Signed: whether the dataset is cryptographically signed A perfect score of 1 requires all these individual metrics to have their best possible values (e.g., information explicitly provided, not False, not empty [], not missing -). Key Clarification: Trusted Provider vs. Provider Information Importantly, the metric  "Is on a trusted provider list"  does NOT factor into the verifiability score—it belongs to the Believability dimension, not the Verifiability dimension. Verifiability score = 1: Means provider information is documented and accessible (sources, authors, publishers are explicitly stated) Believability score = 1: Would mean the provider is on a trusted list and has high trust value Summary Yes, a verifiability score of 1 means complete provider information is formally documented in the dataset's metadata (authors, contributors, publishers, sources). However, this is separate from whether that provider is considered "trusted"—that evaluation falls under the Believability dimension instead.	1	1	1		1						
														
														
														
														
														
Total	Total (A1)	Total (A2)	IR (All)	IR (A1)	IR (A2)	TA (All)	TA (A1)	TA (A2)	Co (All)	Co (A1)	Co (A2)	E&D (All)	E&D (A1)	E&D (A2)
0,825	0,8	0,85	1	1	1	1	1	1	0,7	0,7	0,7	0,6	0,5	0,7