Question_ID	Request	Expected_Response	Actual_Response	Voter 1	Voter 2	Voter 3 	comment	FINAL						
IR_1	Retrieve the SPARQL endpoint status of NoiPA in the date September 7th, 2025?	On	On September 7th, 2025, the NoiPA dataset's SPARQL endpoint status was Available, with the endpoint URL being https://sparql-noipa.mef.gov.it/sparql. 	1	1	1		1						
IR_1	Is the NoiPA SPARQL endpoint up in the last assessment?	On	Yes, based on the most recent assessment timestamp 2025-09-07, the NoiPA SPARQL endpoint is Available (online and responding). Key details from the last assessment: SPARQL Endpoint URL: https://sparql-noipa.mef.gov.it/sparql Status: Available Timestamp: 2025-09-07 This "Available" status indicates the endpoint was successfully responding to queries at the time of the last measurement. 	1	1	1		1						
IR_2	Which is the amount of data of the LiLa Lemma Bank dataset?	1,699,687	Based on the metadata for the LiLa Lemma Bank dataset, the amount of data is: Metadata triples: 1,699,687 triples (as per the "Number of triples (metadata)" measure) Canonical forms: Approximately 200,000 canonical forms for Latin (as described in the dataset description) The "Amount of data score" for this dataset is consistently 0.333333 across all timestamps, but this represents a quality score rather than the actual data volume.	0.5	1	1		1						
IR_2	How many triples does LiLa Lemma Bank have?	1,699,687	Based on the data provided, LiLa Lemma Bank has: 1,699,687 triples (metadata triples) Additionally, the dataset contains 3,318,298 linked triples that establish connections to external resources. The number is consistent across multiple timestamps (May through September 2025), indicating a stable dataset size. The description notes that LiLa Lemma Bank contains approximately 200,000 canonical forms for Latin, modeled using the Ontolex ontology, which are used to interlink linguistic resources in the LiLa Knowledge Base. 	1	1	1		1						
IR_3	Which is the license of the DBLP dataset?	CC-0	Based on the data provided, the DBLP dataset (dblp-kg) is licensed under Creative Commons Zero (CC0). This is consistently indicated across multiple measurements: License machine redeable (metadata): http://www.opendefinition.org/licenses/cc-zero License machine redeable (query): https://creativecommons.org/publicdomain/zero/1.0/ Both URLs point to the same CC0 license, which is a public domain dedication. The R1.1 metric also confirms that a machine- or human-readable license is explicitly retrievable (value: 1.000000) for all timestamps. The "License human redeable" measure shows "-" for all timestamps, which according to the dataset's definition means the SPARQL endpoint was missing for that particular check, not that the license is absent. 	1	1	1		1						
IR_3	How is DBLP licensed?	CC-0	Based on the provided data, DBLP is licensed under CC0 1.0 (Creative Commons Zero). Key Licensing Details: License URL (Machine-readable): http://www.opendefinition.org/licenses/cc-zero (from metadata) https://creativecommons.org/publicdomain/zero/1.0/ (from query results) License Type: Public domain dedication - this means the data is essentially in the public domain with no restrictions on use Verification: The measure "R1.1 Machine- or human-readable license retrievable via any primary source" shows a value of 1.000000 for dblp-kg, confirming that a license is explicitly reported and retrievable Licensing Score: DBLP receives a 0.500000 licensing score, which reflects the presence of a clear machine-readable license The human-readable license field shows "-" (not indicated), but the machine-readable license is clearly and consistently documented as CC0 across multiple timestamps in the dataset.	1	1	1		1						
IR_4	Which is the accuracy score of WordNet?	0.00	Based on the data provided, the accuracy score for WordNet (w3c-wordnet) is 0.000000. This score appears consistently across multiple measurements taken at different timestamps (May through September 2025). According to the dataset definition, the accuracy score is calculated as "a linear combination of the individual accuracy metrics scores" on a scale of [0,1], where 1 is the best possible value. Therefore, WordNet received the lowest possible accuracy score in these evaluations.	1	1	1		1						
IR_4	How accurate is WordNet?	0.00	Based on the data provided, WordNet 2.0 (W3C) shows an Accuracy score of 0.000000 across all measured timestamps (May through September 2025). However, this assessment requires careful interpretation. Key Quality Metrics for w3c-wordnet: Table Copy Metric Score Assessment Accuracy 0.0 Very low accuracy score Verifiability 0.331667 Low-moderate verifiability Believability 0.8 High believability Completeness 0.0 Very low completeness Consistency 0.0 Very low consistency Understandability 0.0 Very low understandability F Score 0.61-0.80 Moderate to high F score FAIR Score 3.1-3.3 Moderate FAIR score Important Context: The 0.0 accuracy score specifically refers to the W3C RDF/OWL conversion of WordNet 2.0 (http://www.w3.org/TR/wordnet-rdf), not necessarily the intrinsic linguistic accuracy of WordNet as a lexical resource. This score likely reflects quality issues in the RDF conversion, such as: Completeness problems (also 0.0) Consistency issues (0.0) Representational consistency issues (0.0) Verifiability (0.33) suggests some capacity for verification exists, while high believability (0.8) indicates the data source (W3C) is considered trustworthy. Conclusion: According to this specific knowledge graph quality assessment framework, the W3C WordNet 2.0 RDF dataset has very low measured accuracy, but this appears to be a technical assessment of the RDF representation rather than an evaluation of WordNet's fundamental linguistic quality. 	1	1	1		1						
IR_5	What is the trust value of the Linked Open Camera dataset?	0.5	Based on the provided data, the trust value for the Linked Open Camera dataset is 0.5. This value is consistently reported across all measurement timestamps (2025-05-04, 2025-06-01, 2025-07-13, 2025-08-03, and 2025-09-07) for the dataset identified as "bpr", which is associated with the SPARQL endpoint http://dati.camera.it/sparql - the Linked Open Data portal of the Italian Chamber of Deputies (Camera dei Deputati). What this means: The trust value metric relates to meta-information about the identity of the information provider It belongs to the Believability dimension The value ranges from 0 to 1, where 1 represents the highest possible trust A value of 0.5 indicates a moderate level of trust in the information provider's identity metadata This score reflects the metadata quality regarding provider identification rather than the actual content accuracy or data quality of the Linked Open Camera dataset itself.	1	1	1		1						
IR_5	How trustworthy is the Linked Open Camera dataset?	0.5	Looking at the quality metrics for the Linked Open Camera dataset (identified as "bpr" with SPARQL endpoint http://dati.camera.it/sparql), here's a comprehensive trustworthiness assessment: Overall Trust Score: Moderate (0.5/1.0) The dataset maintains a consistent trust value of 0.5 across all measurement periods (May-September 2025). Detailed Quality Analysis Positive Indicators Security: Perfect score (1.0) - Uses HTTPS, no authentication required Accuracy: Strong improvement from 0.6 to 1.0 (perfect) in recent measurements Representational Consistency: Excellent (0.876) - well-structured data Inactive Links: None detected License: Open CC BY-SA license clearly specified SPARQL Endpoint: Available and functional Areas of Concern Trusted Provider Status: False - Not listed as a trusted provider Verifiability: Low (0.11) - Sources are minimal, only listing "Library of the Italian Chamber of Deputies" with a generic email Believability: Moderate (0.5) - Limited publisher information affects credibility Consistency: Variable (0.3-0.5) - Some inconsistencies detected FAIR Metadata: VoID file absent, limiting machine-readable descriptions Key Issues The dataset's transparency is limited - it lacks detailed provenance information, author/contributor details, and comprehensive metadata. While the technical infrastructure is robust (secure, accurate, well-structured), the minimal documentation and absence from trusted provider registries reduce its overall trustworthiness. Recommendation: Suitable for use but verify critical data against primary sources when possible, especially given the low verifiability score.	1	1	1		1						
TA_1	Is the number of triples of NoiPA retrieved via the SPARQL endpoint always the same?	No, they slightly increase over time.	No, the number of triples retrieved via the SPARQL endpoint for NoiPA is not always the same. The data shows significant variation across different measurement timestamps: Measured values over time: 2025-05-04: 412,894,535 triples 2025-06-01: 419,389,676 triples 2025-07-13: 432,861,574 triples 2025-08-03: 439,796,613 triples 2025-09-07: 446,170,057 triples The dataset exhibits a consistent growth pattern, increasing by approximately 33 million triples (an ~8% increase) over the 4-month period. This indicates that NoiPA is an actively maintained dataset that is regularly updated with new triples rather than a static snapshot.	1	1	1		1						
TA_1	The number of triples of NoiPA retrieved via the SPARQL endpoint is constant?	No, they slightly increase over time.	No, the number of triples retrieved from the NoiPA SPARQL endpoint is not constant—it shows a consistent increase over time. Based on the measurement data, the number of triples (query) for NoiPA at different timestamps is: 2025-05-04: 412,894,535 triples 2025-06-01: 419,389,676 triples 2025-07-13: 432,861,574 triples 2025-08-03: 439,796,613 triples 2025-09-07: 446,170,057 triples The dataset grew by approximately 33 million triples (about 8% increase) over this 4-month period, indicating active data expansion rather than a static collection. 	1	1	1		1						
TA_2	Is the SPARQL endpoint of DBLP always available?	Yes	Based on the monitoring data provided, the DBLP SPARQL endpoint (https://sparql.dblp.org/sparql) shows consistent availability across all recorded measurements: Availability Evidence The dataset contains 5 successful availability checks between May and September 2025: 2025-09-07: Available 2025-08-03: Available 2025-07-13: Available 2025-06-01: Available 2025-05-04: Available Key Metrics Availability Score: 0.975 (measured 2025-05-04) - indicating high reliability Uptime Record: 100% across all monitored timestamps in the dataset Performance: No "Offline" or missing status entries found for dblp-kg Additional Context The endpoint uses HTTPS (non-authenticated access) RDF dumps are also available for download at https://doi.org/10.4230/dblp.rdf.ntriples and https://dblp.org/rdf/dblp.ttl.gz The service is described as "a fully semantic view... synchronized daily with the current and curated data" Conclusion: While no system can guarantee 100% uptime, the monitoring data shows the DBLP SPARQL endpoint has maintained excellent availability with no recorded outages during the 5-month observation period.	1	0.5	1		1						
TA_2	Is the DBLP SPARQL endpoint always up?	Yes	Based on the monitoring data provided, the DBLP SPARQL endpoint appears to have consistent availability during the observed period. What the data shows: The monitoring snapshots from May 2025 through September 2025 all indicate the endpoint was "Available": 2025-09-07: Available 2025-08-03: Available 2025-07-13: Available 2025-06-01: Available 2025-05-04: Available The endpoint URL is consistently recorded as https://sparql.dblp.org/sparql across all measurements. Important caveats: Limited time window: The data only covers 5 months and doesn't prove the endpoint is "always" up Snapshot monitoring: These are periodic checks, not continuous monitoring—brief outages between checks could be missed No SLA context: The dataset doesn't include DBLP's official uptime guarantees or maintenance schedules Practical recommendations: Check current status: Visit https://sparql.dblp.org/sparql directly to test responsiveness Look for status pages: Check if DBLP provides an official status or maintenance schedule Implement retries: In applications, build in retry logic for transient failures Monitor yourself: Consider setting up your own monitoring if you depend on this endpoint for critical operations The data suggests very reliable operation, but no service can truly guarantee 100% uptime.	1	1	1		1						
TA_3	Is the data dump of the Allie Abbreviation And Long Form dataset always set to 1 in the observed period?	No, it is discontinuous	Based on the observed data for the Allie Abbreviation and Long Form Database in Life Science, the answer is NO - the data dump availability is not consistently set to 1 across all measures and timestamps. Here's the breakdown of dump-related measures: 1. Availability of RDF Dump (metadata) 2025-05-04 through 2025-08-03: 1.000000 (available) 2025-09-07: 0.000000 (not available) - This changed 2. Availability of RDF Dump (query) All timestamps (2025-05-04, 2025-06-01, 2025-07-13, 2025-08-03, 2025-09-07): False (0) - Consistently unavailable 3. Offline Dumps All timestamps: Always contains FTP URLs (e.g., ftp://ftp.dbcls.jp/allie/allie_rdf/allie_rdf_nt_latest.gz) - Consistently available Key Insight The metric "Availability of RDF dump (metadata)" was consistently 1 for the first four observation periods but dropped to 0 on 2025-09-07, indicating a change in metadata availability. The query-based availability was always False, while offline dumps remained consistently accessible throughout the entire period. So while some dump-related measures are stable, the specific metadata availability indicator is not always set to 1.	1	1	1		1						
TA_3	Is the data dump of the Allie Abbreviation And Long Form dataset always up?	No, it is discontinuous	Short answer: No. The monitoring data shows that the Allie RDF dump is not consistently online. What the logs say The file reports a number of availability checks for the dataset allie-abbreviation-and-long-form-database-in-life-science. The two most relevant measures are: Table Copy Measure (what is tested) How it is reported Availability of RDF dump (query) False = the dump is offline; True = online; - = missing Availability for download (query) same semantics as above Availability of RDF dump (metadata) 1.000000 = metadata says the dump is online; 0 = offline; - = missing Below is a time‑series extracted from the logs (all timestamps are from 2025): Table Copy Timestamp Availability of RDF dump (query) Availability for download (query) Availability of RDF dump (metadata) Availability for download (metadata) 2025‑05‑04 False False 1.0 (online) 1.0 (online) 2025‑06‑01 False False 1.0 (online) 1.0 (online) 2025‑07‑13 False False 1.0 (online) 1.0 (online) 2025‑08‑03 False False 1.0 (online) 1.0 (online) 2025‑09‑07 ‑ (missing) ‑ (missing) 0.0 (offline) 0.0 (offline) All the “False” values for the query‑based checks mean the SPARQL endpoint could not locate a working RDF dump. The dash “‑” on 2025‑09‑07 indicates the check could not be performed at all. The metadata‑based checks start by reporting the dump as online (1.0) but on 2025‑09‑07 they flip to 0.0, i.e. the source itself no longer advertises the dump. Offline dumps are still listed The logs also contain the offline‑dump URLs for Allie: ftp://ftp.dbcls.jp/allie/allie_rdf/allie_rdf_nt_latest.gz ftp://ftp.dbcls.jp/allie/allie_rdf/ These URLs appear under the “Offline dumps” measure (e.g., for 2025‑05‑04, 2025‑06‑01, 2025‑07‑13, 2025‑08‑03). The presence of a static FTP link does not guarantee that the dump is always reachable via the live SPARQL endpoint or that the file itself is continuously updated. Bottom line The query‑based availability for the Allie RDF dump reports “False” for four consecutive months and missing in the most recent month. Even the metadata‑based check turns to “offline” by September 2025. Therefore, the Allie Abbreviation And Long Form dataset’s RDF dump is not consistently “up”. It experiences frequent periods of unavailability, and at the end of the observed period it appears to be completely offline. If you need reliable access, you may want to download the static FTP files during the windows when they are advertised as online, but be aware that the live SPARQL endpoint does not reliably serve the dump.	0	1	1		1						
TA_4	Is the accuracy of NoiPA constant over time?	No	No, the accuracy of NoiPA is not constant over time, but the variation is minimal. Accuracy scores by timestamp: 2025-05-04: 0.999700 2025-06-01: 0.999700 2025-07-13: 0.999660 2025-08-03: 0.999660 2025-09-07: 0.999660 The accuracy remained stable at 0.999700 for the first two measurements, then decreased slightly to 0.999660 from July onward—a marginal drop of 0.00004 points.	1	1	1		1						
TA_4	Does the accuracy of NoiPA remain consistent over time?	No	Based on the available data, NoiPA's Accuracy score is consistently near-perfect but shows a minimal, stable shift in mid-2025. Temporal Values for NoiPA Accuracy Score: 2025-05-04: 0.999700 2025-06-01: 0.999700 (unchanged) 2025-07-13: 0.999660 (-0.004% change) 2025-08-03: 0.999660 (stable) 2025-09-07: 0.999660 (stable) Key Observations: High Baseline: All values exceed 0.9996, indicating exceptional accuracy throughout the observation period. Two Stability Phases: The score held constant at 0.999700 for two months, then dropped by a microscopic 0.00004 points in July and remained stable at the new level through September. Negligible Variance: The total fluctuation is only 0.004%, which is well within typical measurement precision limits and likely not operationally significant. Conclusion: While not mathematically constant, NoiPA's accuracy demonstrates practical consistency—maintaining near-ideal performance with only an imperceptible, one-time adjustment that persists over time. 	1	1	1		1						
TA_5	What is the longest continuous period in which the Allie Abbreviation And Long Form dataset data dump has been equals to 1?	91 days	The longest continuous period during which the Allie Abbreviation And Long Form dataset had a data dump availability value of 1 was 91 days, from May 4, 2025 to August 3, 2025. Details: Measure: Availability of RDF dump (metadata) Values: 1.0 at timestamps 2025-05-04, 2025-06-01, 2025-07-13, and 2025-08-03 Break: The value dropped to 0.0 at the next measurement on 2025-09-07 Duration: 91 consecutive days where the dump was fully available (100%)	1	1	1		1						
TA_5	For how long, without interruption, has the Allie Abbreviation And Long Form dataset data dump remained up?	91 days	Based on the measurement data provided, the Allie Abbreviation And Long Form database dump remained continuously available for 91 days without interruption. Continuous Uptime Period: Start Date: May 4, 2025 End Date: August 3, 2025 Duration: 91 days Evidence from the Data: "Availability of RDF dump (metadata)" was consistently 1.000000 (fully available) across all measurement points from May 4 through August 3, 2025 "Availability for download (metadata)" was also 1.000000 during this entire period Offline dump URLs (ftp://ftp.dbcls.jp/allie/allie_rdf/allie_rdf_nt_latest.gz) were consistently listed as active Interruption: By September 7, 2025, availability dropped to 0.000000, indicating the dump was no longer accessible The "Age of data" measure also switched from "2011-08-01" to "-" on this date, suggesting a data source issue Note that the "Availability of RDF dump (query)" was consistently False (0.0) throughout all measurements, meaning the query-based dump was never available. The 91-day uptime refers specifically to the metadata dump and downloadable data files.	1	1	1		1						
Co_1	Which dataset has the highest number of triples?	DBLP	Based on the data provided, dblp-kg has the highest number of triples. The dataset shows progressively increasing values over time, reaching: 1,452,862,425 triples (as of 2025-09-07) This is the maximum value across all datasets in the entire dataset collection. For comparison, the next highest are: NoiPA: ~446 million triples allie-abbreviation-and-long-form-database-in-life-science: ~309 million triples The dblp-kg values represent "Number of triples (query)" measurements, which are significantly higher than most other datasets' metadata counts.	1	1	1		1						
Co_1	Which is the biggest dataset among the compared ones?	DBLP	Based on the number of triples (the primary indicator of dataset size in this data), dblp-kg is the largest dataset with over 1.4 billion triples. Specifically, the measurements show: 1,446,280,845 triples (as of 2025-07-13) 1,335,106,894 triples (as of 2025-05-04) This far exceeds the next largest datasets: NoiPA: ~446 million triples bpr: ~354 million triples LemmaBank: ~1.7 million triples w3c-wordnet: ~710,000 triples The dblp-kg dataset's size is nearly an order of magnitude larger than its closest competitor in this comparison.	1	1	1		1						
Co_2	Which is the dataset performing worst in the license metric?	CIDOC-CRM	Based on the data provided, CIDOC-CRM is the dataset performing worst in license metrics. Key evidence: Licensing score: 0.0 (worst possible) across all timestamps (2025-05-04, 2025-06-01, 2025-07-13, 2025-08-03, 2025-09-07) R1.1 Machine- or human-readable license retrievable via any primary source: 0.0 (worst possible) across all timestamps License machine readable (metadata): False across all timestamps, indicating no machine-readable license could be found While other datasets like w3c-wordnet, bpr, LemmaBank, and NoiPA also have issues with missing license information (shown as "-" values), CIDOC-CRM is the only dataset that consistently scores 0.0 on the actual license scoring metrics, making it the definitive worst performer. 	1	1	1		1						
Co_2	Which is the worst performing dataset in the license metric?	CIDOC-CRM	Based on the data provided, CIDOC-CRM is the worst performing dataset for licensing metrics. Evidence: Licensing Score: Consistently scores 0.000000 across all timestamps (2025-05-04, 2025-06-01, 2025-07-13, 2025-08-03, 2025-09-07), which is the lowest possible value. License Human Readable: Marked as "-" (SPARQL endpoint missing) for all timestamps, indicating no license information could be detected in the dataset documentation. License Machine Readable (Metadata): Returns False for all timestamps, meaning no license could be found in the VoID description or metadata. R1.1 FAIR License Retrievability: Scores 0.000000 across all timestamps, indicating the license is not explicitly reported through any primary source. In contrast, other datasets consistently score higher: micro-coronavirus achieves a perfect 1.000000 licensing score bpr, dblp-kg, NoiPA, and w3c-wordnet all score 1.000000 on the R1.1 license retrievability metric Even datasets with lower overall scores typically maintain at least 0.500000 on licensing metrics CIDOC-CRM's persistent 0.0 values across all licensing-related measures make it the definitive worst performer in this dimension.	1	1	1		1						
Co_3	What is the mean score for the accuracy dimension?	0.50	Based on the data provided, the mean score for the Accuracy dimension is 0.5485. Calculation Details: I identified 35 measurements of Accuracy score across all datasets and timestamps: Breakdown by dataset: NoiPA: 5 measurements (values: 0.999660×3, 0.999700×2) → Sum = 4.99838 w3c-wordnet: 5 measurements (all 0.000000) → Sum = 0.0 bpr: 2 measurements (both 0.600000) → Sum = 1.2 LemmaBank: 5 measurements (all 0.000000) → Sum = 0.0 dblp-kg: 5 measurements (all 1.000000) → Sum = 5.0 CIDOC-CRM: 5 measurements (all 0.000000) → Sum = 0.0 allie-abbreviation-and-long-form-database-in-life-science: 5 measurements (all 1.000000) → Sum = 5.0 environment-agency-bathing-water-quality: 3 measurements (all 0.999987) → Sum = 2.999961 Total sum = 4.99838 + 0.0 + 1.2 + 0.0 + 5.0 + 0.0 + 5.0 + 2.999961 = 19.198341 Mean = 19.198341 ÷ 35 = 0.548524 (rounded to 0.5485)	0	0	0		0						
Co_3	What is the mean value of the accuracy dimension?	0.50	Based on a comprehensive analysis of all accuracy measurements in the dataset, the mean accuracy score is 0.5666. Calculation Details The dataset contains 48 individual accuracy measurements spanning 10 different datasets and 5 timestamps (May-September 2025). Here's the breakdown: Accuracy Scores by Dataset: NoiPA: 5 measurements (0.9997 average) w3c-wordnet: 5 measurements (0.0 average) bpr: 5 measurements (0.84 average) LemmaBank: 5 measurements (0.0 average) CIDOC-CRM: 5 measurements (0.0 average) dblp-kg: 5 measurements (1.0 average) micro-coronavirus: 5 measurements (1.0 average) allie-abbreviation-and-long-form-database-in-life-science: 5 measurements (1.0 average) environment-agency-bathing-water-quality: 4 measurements (0.99999 average) bbc-programmes: 5 measurements (0.0 average) Summary Statistics: Total Sum: 27.198354 Count: 48 measurements Mean: 0.566632 Standard Deviation: ~0.444 (calculated from the spread of values) Range: 0.0 to 1.0 Median: 0.6 (middle value when sorted) The mean value of 0.5666 indicates moderate overall accuracy across the evaluated knowledge graphs, with significant variation between datasets—some achieving perfect scores while others score zero.	0	0	1		0						
Co_4	What is the best observed score in the Verifiability dimension?	0.4983 (NoiPA, Allie, Bathing Water Quality)	Based on the data provided, the best observed score for the Verifiability dimension is 0.498333. This score appears for multiple datasets including NoiPA, allie-abbreviation-and-long-form-database-in-life-science, and environment-agency-bathing-water-quality across various timestamps.	1	1	1		1						
Co_4	What is the highest observed Verifiability score?	0.4983 (NoiPA, Allie, Bathing Water Quality)	The highest observed Verifiability score is 0.498333. This value appears multiple times across different datasets (NoiPA, allie-abbreviation-and-long-form-database-in-life-science, and environment-agency-bathing-water-quality) and various timestamps in the data.	1	1	1		1						
Co_5	What are the highest-performing dimensions in September 2025?	License, Performance, Accuracy, Believability, Currency, Timeliness, Security, Conciseness and Interpretability	Based on the September 7, 2025 snapshot of data quality assessments, here are the highest-performing dimensions across the evaluated datasets: Top-Performing Dimensions (September 2025) 1. Currency ⭐ Perfect Score Score: 1.000000 (maximum possible) Dataset: bpr Dimension: Timeliness - measures how up-to-date the data is 2. Security ⭐ Perfect Score Score: 1.000000 (maximum possible) Dataset: bpr Dimension: Security - assesses access control and protection measures 3. Interpretability ⭐ Near-Perfect Score Score: 1.000000 (NoiPA), 0.997892 (bpr) Datasets: NoiPA (perfect), bpr (near-perfect) Dimension: Interpretability - evaluates how easily data can be understood 4. Performance ⭐ Perfect Score Score: 1.000000 Datasets: NoiPA, dblp-kg Dimension: Performance - measures system responsiveness and throughput 5. Trust Value - Consistently High Score: 0.750000 (75% of maximum) Datasets: CIDOC-CRM, dblp-kg, NoiPA, w3c-wordnet, LemmaBank (all 0.75) Dimension: Believability - reflects overall trustworthiness across multiple metrics 6. Believability Score - Strong Performance Score: 0.800000 Datasets: CIDOC-CRM, w3c-wordnet, NoiPA Dimension: Believability - comprehensive assessment of credibility 7. Conciseness Score - Excellent Score: 0.991350 (NoiPA) Dimension: Representational-Conciseness - measures compactness and efficiency of data representation 8. Amount of Data Score - Good Score: 0.666667 (bpr, NoiPA) Dimension: Amount of data - evaluates completeness and volume Key Insights bpr dataset leads in multiple dimensions with perfect or near-perfect scores (Currency, Security, Interpretability) NoiPA dataset shows exceptional Performance and Interpretability Trust value is remarkably consistent across 6 different datasets at 0.75 Most dimensions follow a 0-1 scoring scale, with actual values showing significant variation across datasets The snapshot indicates that Currency, Security, and Performance achieved the highest absolute scores in September 2025 Note: These values represent a single timestamp (2025-09-07) and may fluctuate over time as datasets are updated and re-evaluated.	0	0.5	0		0						
Co_5	What are the dimensions performing better in September 2025?	License, Performance, Accuracy, Believability, Currency, Timeliness, Security, Conciseness and Interpretability	Based on the September 2025 data snapshot, the dimensions performing better (showing consistently higher scores) are: Top Performing Dimensions 1. Trust & Believability Trust value averages 0.75 across datasets, with environment-agency-bathing-water-quality achieving a perfect 1.0 Believability score averages 0.78, with multiple datasets scoring **0.8-1.0` These are the highest consistently rated dimensions 2. Interpretability bpr: 0.998 (near-perfect) NoiPA: 1.0 (perfect) These scores are among the highest for any dimension, though other datasets score lower 3. Conciseness NoiPA: 0.991 (excellent) bpr: 0.884 (very good) Representational-Consistency for bpr: 0.876 (strong) 4. Licensing Consistently 0.5 across most datasets (moderate but stable) micro-coronavirus achieves 1.0 (perfect) Most dimension with consistent cross-dataset performance 5. FAIR Dimensions F score: Ranges 0.57-0.78 (moderate-good) R score: Ranges 0.5-1.0 (good) FAIR score: Ranges 2.03-3.11 (consistent moderate performance on this scale) Key Insights Trust/Believability is the standout dimension with both high averages and top-end performance Interpretability and Conciseness show excellent scores for the primary datasets (bpr and NoiPA) Licensing demonstrates the most consistent cross-dataset performance (all datasets score ≥0.5) Availability is mixed but has strong performers (dblp-kg: 0.75, micro-coronavirus: 0.74) Underperforming Dimensions Currency: Mostly 0.0 except for bpr (1.0) Performance: Highly variable (many zeros, some perfect scores) Versatility, Interlinking, and Verifiability: Generally low across all datasets	0.5	0	0		0						
E&D_1	Why is the availability score equals to 1 for the DBLP dataset?	Because all the metrics in the availability dimension can be correctly computed	Assessing Dataset Availability via URI Dereferenceability and Licensing Based on the assessment data, the DBLP dataset (dblp-kg) achieves an availability score of 1.0 at certain timestamps (e.g., 2025-07-13 and 2025-08-03) due to exceptional performance across critical availability metrics: Key Contributing Factors 1. Perfect URI Dereferenceability (Score: 1.0) All HTTP URIs in the dataset are fully dereferenceable This is the most influential factor—when this metric drops to 0.0 (as seen on 2025-06-01), the overall availability score falls to 0.5 2. Operational SPARQL Endpoint Endpoint status: "Available" URL: https://sparql.dblp.org/sparql (accessible at all times) 3. Complete Metadata Accessibility (Score: 1.0) A1-M Metadata availability: 1.0 (perfect score via working primary sources) F2a-M Standard metadata availability: 1.0 RDF dumps are verified as online through metadata checks 4. Security & Infrastructure (Score: 1.0) A1.2 Authentication & HTTPS support: 1.0 Uses HTTPS protocol, ensuring secure access 5. Licensing & Documentation (Score: 0.5) Machine-readable license (CC0) is consistently retrievable Provides sufficient licensing information Why It Reaches Maximum Score The availability score is a linear combination of individual availability metrics. Despite some components showing limitations (e.g., query-based RDF dump checks return False), the critical factors are weighted heavily: URI dereferenceability acts as a score multiplier—when it's perfect (1.0) and combined with an operational SPARQL endpoint and full metadata access, the composite score reaches its ceiling The "False" values for query-based dump availability appear to represent secondary access paths that are less critical than the primary SPARQL interface Temporal Variation Note that the score fluctuates over time: 2025-06-01: Score = 0.5 (URIs Deferenceability = 0.0) 2025-07-13: Score = 1.0 (URIs Deferenceability = 1.0) 2025-08-03: Score = 1.0 (URIs Deferenceability = 1.0) 2025-09-07: Score = 0.75 (intermediate state) This demonstrates that maintaining URI dereferenceability is essential for DBLP to retain its maximum availability rating.	0	0	0		0						
E&D_1	Why does the DBLP dataset have an availability score of 1?	Because all the metrics in the availability dimension can be correctly computed	Based on the provided monitoring data, the DBLP Knowledge Graph (dblp-kg) achieves an availability score of 1.0 on specific dates (2025-07-13 and 2025-08-03) due to perfect performance across key availability metrics, despite some query-based checks failing. Key Factors Driving Perfect Availability Score 1. Operational SPARQL Endpoint Sparql endpoint: "Available" on both dates A1-D Working access point(s): 1.0 (operational SPARQL or accessible data dump) This is the primary driver, as an operational SPARQL endpoint alone qualifies for maximum points 2. Complete Metadata Accessibility A1-M Metadata availability via working primary sources: 1.0 A1.2 Authentication & HTTPS support: 1.0 Availability for download (metadata): 1.0 Availability of RDF dump (metadata): 1.0 3. Functional Download Infrastructure While direct query-based checks show failures: Availability for download (query): False Availability of RDF dump (query): False The metadata-based checks confirm availability: URL for download the dataset: ['https://doi.org/10.4230/dblp.rdf.ntriples', 'https://dblp.org/rdf/dblp.ttl.gz'] Why Query-Based Checks Fail But Score Remains Perfect The availability score is a linear combination of individual metrics that weights different factors. The DBLP dataset reaches 1.0 because: SPARQL endpoint is the dominant factor - Its operational status contributes most heavily to the score Metadata availability compensates - Even when direct download checks fail, verified metadata provides alternative access paths The measurement framework prioritizes functional access points over direct query-based verification Temporal Variation Note Importantly, the availability score fluctuates over time: 2025-05-04: 0.975 2025-06-01: 0.5 2025-07-13: 1.0 2025-08-03: 1.0 2025-09-07: 0.75 This indicates the DBLP infrastructure experienced periods of partial downtime (June, early September) but achieved perfect availability during July-August when all critical components aligned.	0,5	0.5	0,5		0,5						
E&D_2	Does a score of amount of data equals to 0 mean that the dataset is empty?	No, it means that the amount of data cannot be computed via the SPARQL endpoint and it is not declared in the metadata.	No, a score of 0 for Amount of data score does not necessarily mean the dataset is empty. Based on the data provided, this score is a composite metric ([0,1] range) computed from individual amount-of-data measurements. A score of 0 typically indicates that the SPARQL endpoint was unavailable or non-functional during assessment, not that the dataset lacks content. Key Evidence: LemmaBank Example (May 4, 2025): Amount of data score: 0.000000 Number of triples (metadata): 1,699,687 triples Number of triples (query): None (SPARQL query failed) This dataset clearly contains data (1.7M+ triples per metadata), but received a 0 score because the live query failed. bpr Example (May 4, 2025): Amount of data score: 0.000000 Number of triples (metadata): 366,800 triples Number of triples (query): None What the Score Actually Means: The score reflects the assessment tool's ability to verify data volume, not absolute emptiness. From the metric definition: "Overall score for the amount of data dimension computed as a linear combination of the individual amount of data metrics scores" When the primary input sources (SPARQL endpoint queries) return None or -, the composite score becomes 0, even if metadata indicates the presence of triples. The dataset could be: Actually empty Inaccessible due to endpoint downtime Missing proper SPARQL configuration Restricted by authentication Verdict: Treat a 0 score as  "data volume unverifiable"  , not "dataset is empty."	1	1	1		1						
E&D_2	If the amount-of-data score is 0, does that mean the dataset contains no data?	No, it means that the amount of data cannot be computed via the SPARQL endpoint and it is not declared in the metadata.	Based on the data quality framework shown in the file, no, an amount-of-data score of 0 does not necessarily mean the dataset contains no data. Here's why: What the Score Actually Measures The "Amount of data score" is defined as: "Overall score for the amount of data dimension computed as a linear combination of the individual amount of data metrics scores" It outputs a value in 0,1 , where 1 is the best possible score. The score is calculated from multiple underlying metrics, including: Number of triples (via query or metadata) Number of entities Number of properties What a Score of 0 Would Indicate A score of 0 would mean all underlying metrics returned their minimum possible values simultaneously. Looking at the raw data, this could happen when: SPARQL endpoints are missing or non-functional (returning "-") Metadata files are absent or empty (returning 0) VoID descriptions are missing The framework cannot retrieve any quantifiable data through its standard methods Critical Distinction The key nuance is detectability vs. existence: 0 detectable data ≠ 0 actual data The dataset might contain data but be: Inaccessible (no working SPARQL endpoint) Poorly published (missing VoID/metadata) Protected behind authentication In a format the framework can't parse Evidence from the Data In the provided results, no dataset actually has an amount-of-data score of 0 — the lowest observed is 0.333333. This suggests that even poorly-quantified datasets still register some minimal detectable quantity through at least one metric. Bottom line: A 0 score would indicate a complete failure to detect data through standardized methods, not definitive proof of an empty dataset.	1	1	1		1						
E&D_3	When the availability score is 1, does it mean that both the SPARQL endpoint and the data dump are working?	Yes	Based on the data quality metric definitions provided, an availability score of 1 would theoretically require both the SPARQL endpoint and the RDF data dump to be working, but let me explain the nuance based on the actual metric definitions and observed patterns: How the Availability Score Works The "Availability score" is defined as: "Overall score for the availability dimension computed as a linear combination of the individual availability metrics scores" Key individual metrics that feed into this include: "Sparql endpoint" - Checks if the server responds to SPARQL queries (values: Offline, Available, or - for missing) "Availability of RDF dump (query)" - Checks if an RDF dump is provided and downloadable (values: False, True, or - for missing) "A1-D Working access point(s)"  - Gives 1 for operational SPARQL or accessible dump, 0.5 for accessible SPARQL endpoint or dump, 0 otherwise Observed Patterns in the Data From the actual measurements: Score 0.5: Typically when only the RDF dump is available (e.g., w3c-wordnet: SPARQL missing, dump available) Score 0.5-0.75: When only the SPARQL endpoint is available (e.g., dblp-kg: SPARQL available, dump not available) Score ~0.74: When SPARQL is available but metrics are incomplete (e.g., micro-coronavirus) Important: The dataset shows no instances where the availability score actually reaches 1.0 with both access methods working simultaneously. Conclusion While a score of 1.0 is the theoretical best value, achieving it would likely require: ✅ SPARQL endpoint is online and responding ✅ RDF dump is available for download ✅ All other availability metrics (media types, serialization formats, etc.) are optimal In practice, the datasets in this collection show a trade-off: when SPARQL endpoints are available, RDF dumps often are not, and vice versa. This suggests that maintaining both access methods simultaneously is challenging, which may explain why no dataset achieves a perfect score of 1.	1	0.5	0,5		0,5						
E&D_3	if the availability score is 1, does that mean both the SPARQL endpoint and the data dump are up?	Yes	Based on the metric definitions and data patterns in your monitoring system, an Availability score of 1 would indicate that all individual availability metrics are optimal, which includes: SPARQL endpoint is online and operational RDF dump is confirmed available (both metadata verification and direct download check succeed) However, it's more than just those two - the score is a linear combination of multiple availability-related metrics. A perfect score of 1 requires: Working SPARQL endpoint (Sparql endpoint: Available) Accessible RDF dump (Availability of RDF dump (query): True and Availability of RDF dump (metadata): 1.0) Successful download access (Availability for download metrics positive) No missing components (no - values) Key observations from your data: When only one access method works (e.g., SPARQL up but dump down), scores are typically 0.5 When both are confirmed working plus other availability metrics are positive, scores approach 1.0 (e.g., dblp-kg reaches 0.975) Bottom line: Yes, a score of 1 means both the SPARQL endpoint and RDF dump are up, but it also signals that all other availability indicators in the composite calculation are optimal. It's a holistic measure of total access-point availability, not just binary up/down status.	1	1	1		1						
E&D_4	if license is set to 1, does it mean that an open license is used?	No, it means that a license is specified	Based on the data provided, a license value of 1 does NOT necessarily mean an open license is used. Here's how to interpret the values: Key Distinctions R1.1 Machine- or human-readable license retrievable via any primary source Value: 1 = A license is explicitly reported in metadata Value: 0 = No license is reported This metric only checks for presence, not license type Licensing score Range: [0,1] = Composite score from multiple license metrics Value: 1 = Best overall licensing compliance score This is a weighted calculation, not a direct measure of openness What Actually Indicates License Type The actual license details appear in these measures: License machine redeable (metadata) - Returns license URLs License machine redeable (query) - Returns license URLs Examples of License URLs Found: http://www.opendefinition.org/licenses/cc-by-sa (CC BY-SA) http://www.opendefinition.org/licenses/cc-zero (CC0) https://creativecommons.org/licenses/by/3.0/deed.it (CC BY 3.0) https://www.apache.org/licenses/LICENSE-2.0 (Apache 2.0) http://reference.data.gov.uk/id/open-government-licence (UK Open Gov) All these examples ARE open licenses, but the system doesn't evaluate this—it just reports what's detected. Bottom Line 1 = License exists ✓ 0 = No license found ✗ The content of the license URL determines if it's open, not the binary indicator	1	0.5	1		1						
E&D_4	If license is set to 1, does it mean that an open license is used?	No, it means that a license is specified	Looking at the data, no, a value of "1" does not necessarily mean an open license is used. In your dataset, the metric "R1.1 Machine- or human-readable license retrievable via any primary source" is defined as: Output: "1: license explicitly reported; 0: otherwise" Dimension: "FAIR" A value of 1 simply indicates that a license is explicitly present and retrievable, not that it's specifically an open license. It could be any license—open, restrictive, or proprietary. Key Distinction: License machine redeable (metadata) or License machine redeable (query): These return the actual license URI (e.g., http://www.opendefinition.org/licenses/cc-by-sa, https://www.apache.org/licenses/LICENSE-2.0) R1.1 metric: This returns 1 or 0 based only on whether a license is present, not its type Examples from your data: bpr dataset has R1.1 = 1.000000 and uses CC BY-SA (open) w3c-wordnet has R1.1 = 1.000000 and uses Apache 2.0 (open) But a dataset could theoretically have R1.1 = 1.000000 with a restrictive, non-open license Conclusion: To determine if an open license is used, you must check the actual license URI string returned by "License machine redeable (metadata)" or "(query)", not just the binary R1.1 score.	1	0.5	1		1						
E&D_5	If verifiability is set to 1, does it mean that all information about providers are set?	Yes	Based on the metric definitions in the data, a Verifiability score of 1 would theoretically indicate that all provider-related metadata is fully available and optimal. However, the actual data reveals important nuances: What Verifiability Measures The "Verifiability score" is a composite metric ([0,1] range) computed from individual verifiability metrics: Author (metadata) Contributor Publisher Author (query) Sources Each of these measures whether provider/contributor information is explicitly stated in metadata, VoID files, or SPARQL endpoints. Reality Check from the Data No dataset in this collection achieves a Verifiability score of 1.0. The highest observed scores are: 0.498333 (NoiPA dataset) 0.331667 (CIDOC-CRM, dblp-kg, LemmaBank, micro-coronavirus, w3c-wordnet) 0.165000 (environment-agency-bathing-water-quality) 0.110000 (bpr) Key Findings Score of 1 is theoretical: It would require ALL provider metadata fields to be perfectly populated across all measurement methods (metadata, VoID, SPARQL queries). Provider information is typically incomplete: Most datasets show: Empty arrays [] for Contributors and Authors (query) Absent names or emails (e.g., "Name: absent. email: ...") Missing Publisher information Verifiability ≠ Believability: Provider trustworthiness is measured separately under the Believability dimension via: "Is on a trusted provider list" (boolean) "Trust value" (float) Conclusion While a Verifiability score of 1 would mean complete provider information, the datasets evaluated here demonstrate that achieving perfect verifiability is rare. The maximum score of 0.498 suggests even well-documented datasets retain significant gaps in provider metadata.	1	1	1		1						
E&D_5	If the verifiability score is 1, does it mean that all provider information is available?	Yes	A Verifiability score of 1 would strongly suggest that all provider-related metadata is available, but it's important to understand what this score actually measures. According to the metadata provided: The Verifiability score is defined as an "overall score for the verifiability dimension computed as a linear combination of the individual verifiability metrics scores" with a best value of 1. The individual metrics that contribute to this dimension include: Author (via query or metadata) Contributor Publisher Sources (website, name, and email) A score of 1 indicates that all these individual metrics are at their maximum values. For provider information specifically, this would mean: Authors are explicitly listed Contributors are identified Publishers are specified Source information (website, name, email) is provided However, the answer depends on two factors: Scope of "provider information": If you mean the core provider metadata (author, contributor, publisher, source), then yes - a score of 1 indicates complete availability. Other potential metrics: The score could include other verifiability factors beyond basic provider details (the data shows "Signed" is also a Verifiability metric), though provider metadata appears to be the primary component. Bottom line: A Verifiability score of 1 means the dataset has perfect scores on all constituent verifiability metrics, which effectively means all provider information is fully available as defined by the measurement framework.	1	1	1		1						
														
														
														
														
														
Total	Total (A1)	Total (A2)	IR (All)	IR (A1)	IR (A2)	TA (All)	TA (A1)	TA (A2)	Co (All)	Co (A1)	Co (A2)	E&D (All)	E&D (A1)	E&D (A2)
0,85	0,825	0,875	1	1	1	1	1	1	0,6	0,6	0,6	0,8	0,7	0,9