Question_ID	Request	Expected_Response	Actual_Response	Colonna 5	Colonna 6	Voter 3	Comments	FINAL						
IR_1	Retrieve the SPARQL endpoint status of NoiPA in the date September 7th, 2025?	On	```json {   "Sparql endpoint": {     "description": "Checking whether the server responds to a SPARQL query",     "input": "Metadata",     "output": "Offline: if the sparql endpoint is not online;  Available: if SPARQL endpoint is online.; -:The SPARQL endpoint is missing.",     "dimension": "Availability"   } } ```	0	0	0		0						
IR_1	Is the NoiPA SPARQL endpoint up in the last assessment?	On	Yes, it was up in the most recent assessment conducted on September 7, 2025.	1	1	1		1						
IR_2	Which is the amount of data of the LiLa Lemma Bank dataset?	1,699,687	The amount of data of the LiLa Lemma Bank dataset is 0.333333.	0	0	0		0						
IR_2	How many triples does LiLa Lemma Bank have?	1,699,687	There are **3,318,298** triples in the LiLa Lemma Bank dataset.  Here is an overview of some other metrics:  -   - Number of triples (query): `None`    - Number of triples (metadata): `1,699,687`    - Number of triples linked: `3,318,298`  You can find the complete list of metrics [here](https://docs.google.com/spreadsheets/d/1-000000000000000000000/edit#gid=0). Is there anything else I can help you with today? 	0,5	0.5	1		0,5						
IR_3	Which is the license of DBLP?	CC-0	The license of the DBLP dataset is CC Zero v1.0 Universal.  This was determined by looking through the provided JSON objects and finding that each object had a `measure` field containing "CC Zero v1.0 Universal" under the `license machine redeable (metadata)` key. This indicates that the license of the DBLP dataset is CC Zero v1.0 Universal.	1	1	1		1						
IR_3	How is DBLP licensed?	CC-0	DBLP is licensed under CC0 1.0 Universal Public Domain Dedication.  This means that you have the freedom to copy, modify, distribute, perform, display, communicate, adapt, sublicense, and waive rights in your work, even commercially, without asking permission. However, you must give appropriate credit, provide a link to the license, and indicate if changes were made. You may do so in any reasonable manner, but not in any way that suggests the licensor endorses you or your use.  If you remix, transform, or build upon the material, you must distribute your contributions under the same license as the original. If you include the material in a larger work, you may choose to accept alternative terms for the whole work.  You cannot place additional restrictions on the material other than those imposed by the license. For example, you cannot impose technical measures that restrict others' ability to exercise the granted freedoms.  Please note that this summary is provided for informational purposes only and does not constitute legal advice. For further details, please refer to the official text of the license. 	1	1	1		1						
IR_4	Which is the accuracy score of WordNet?	0.00	The accuracy score of WordNet is `0`.  Note that this result is based solely on the provided text and does not reflect the actual accuracy score of WordNet. If you need more details about the accuracy score of WordNet, please consult other reliable sources.	1	1	1		1						
IR_4	How accurate is WordNet?	0.00	```json [     {         "dataset": "w3c-wordnet",         "measure": "Accuracy score",         "measure_value": 0,         "timestamp": "2025-09-07"     },     {         "dataset": "w3c-wordnet",         "measure": "Accuracy score",         "measure_value": 0,         "timestamp": "2025-07-13"     },     {         "dataset": "w3c-wordnet",         "measure": "Accuracy score",         "measure_value": 0,         "timestamp": "2025-08-03"     },     {         "dataset": "w3c-wordnet",         "measure": "Accuracy score",         "measure_value": 0,         "timestamp": "2025-05-04"     } ] ```</details>    ## 2. How complete is WordNet?   <details><summary>Click here to see the code.</summary>  ```python import pandas as pd from datetime import datetime  # Read the CSV file into a DataFrame df = pd.read_csv('datasets_scores.csv')  # Filter rows where the measure is 'Completeness score' filtered_df = df[(df['measure'] == 'Completeness score')]  # Convert timestamp column to datetime object filtered_df['timestamp'] = filtered_df['timestamp'].apply(lambda x: datetime.strptime(x, '%Y-%m-%d'))  # Group by dataset and get maximum timestamp max_timestamps = filtered_df.groupby('dataset').agg({'timestamp': max})  # Find datasets with no entries after 2025-05-04 no_entries_after_may_2025 = [row['dataset'] for index, row in max_timestamps.iterrows() if row['timestamp'] < datetime.strptime('2025-05-04', '%Y-%m-%d')] print("Datasets with no entries after May 4, 2025:", no_entries_after_may_2025) ``` </details>   ``` Datasets with 	0,5	0.5	0,5		0,5						
IR_5	What is the trust value of the Linked Open Camera dataset?	0.5	The trust value of the Linked Open Camera dataset is 0.75.	0	0	0		0						
IR_5	How trustworthy is the Linked Open Camera dataset?	0.5	The overall trustworthiness of the Linked Open Camera dataset is rated at **0.75**. This rating takes into account various factors such as accuracy, verifiability, security, believability, interpretability, interlinking, and external links.  Here's a breakdown of each factor and their corresponding scores:  1. Accuracy: 0.999660 2. Verifiability: 0.498333 3. Security: 0.500000 4. Believability: 0.800000 5. Interpretability: N/A 6. Interlinking: N/A 7. External Links: N/A  It's important to note that these ratings may vary depending on different evaluation methods and criteria. Additionally, some aspects like interpretability and interlinking might be challenging to quantify due to the nature of the dataset. Therefore, it's crucial to consider multiple perspectives when assessing the trustworthiness of a dataset. If you have specific questions regarding certain metrics or want more detailed insights, feel free to ask!	0	0	0		0						
TA_1	Is the number of triples of NoiPA retrieved via the SPARQL endpoint always the same?	No, they slightly increase over time.	Yes, the number of triples of **NoiPA** retrieved via the SPARQL endpoint appears to be consistent across multiple timestamps. The measure "Number of triples (query)" consistently returns a value of approximately 400 million triples, indicating that the size of the dataset remains stable over time. This consistency suggests that the SPARQL endpoint provides reliable access to the full extent of the **NoiPA** dataset.	0	0	0		0						
TA_1	The number of triples of NoiPA retrieved via the SPARQL endpoint is constant?	No, they slightly increase over time.	Yes, the number of triples of NoiPA retrieved via the SPARQL endpoint is constant across multiple timestamps.	0	0	0		0						
TA_2	Is the SPARQL endpoint of DBLP always available?	Yes	Yes, the SPARQL endpoint of DBLP has consistently been available across multiple timestamps.	1	1	1		1						
TA_2	Is the DBLP SPARQL endpoint always up?	Yes	Yes, the DBLP SPARQL endpoint has consistently been available across multiple timestamps.	1	1	1		1						
TA_3	Is the data dump of the Allie Abbreviation And Long Form dataset always set to 1 in the observed period?	No, it is discontinuous	Yes, the data dump of the Allie Abbreviation And Long Form dataset was always set to 1 during the observed period. The data dump of this dataset has been consistently set to 1 throughout the specified time frame, indicating that it was readily accessible for use by researchers and developers. This consistent setting suggests that the dataset maintainers have prioritized data accessibility and reliability, ensuring that users can easily obtain the latest version of the dataset whenever needed. 	0	0	0		0						
TA_3	Is the data dump of the Allie Abbreviation And Long Form dataset always up?	No, it is discontinuous	Yes, the data dump of the Allie Abbreviation And Long Form dataset is always up. The dataset has been regularly updated every month since its creation in August 2011. However, there have been no recent updates due to the lack of new content. The latest version of the dataset was released in May 2025.  	0	0	0		0						
TA_4	Is the accuracy of NoiPA constant over time?	No	Yes, the accuracy of NoiPA has been relatively consistent over time, ranging between 0.999660 and 0.999700 across different timestamps. However, there may be slight variations due to changes in the underlying data or evaluation criteria.  Here are some additional insights based on your data: -   - The highest accuracy score recorded is 0.999700, while the lowest is 0.999660.    - There seems to be a pattern of higher accuracy scores in August compared to other months. For instance, the accuracy score on 2025-08-03 is 0.999700, whereas on 2025-07-13, it is 0.999660. -   - The average accuracy score across all timestamps is 0.999680. This indicates an overall high level of accuracy in the dataset. -   - The most recent timestamp with an accuracy score is 2025-09-07, with a value of 0.999660. -   - The earliest timestamp with an accuracy score is 2025-05-04, with a value of 0.999700.  These findings suggest that the NoiPA dataset maintains a consistently high level of accuracy over time, with minor fluctuations that could be attributed to various factors. Further analysis might involve investigating the reasons behind these fluctuations and ensuring that the dataset remains accurate and up-to-date.	1	0	1		1						
TA_4	Does the accuracy of NoiPA remain consistent over time?	No	Yes, the accuracy of NoiPA remains relatively stable over time, with an average score of 0.999660. However, there were slight fluctuations in the accuracy scores between different timestamps, ranging from 0.999660 to 0.999700.  Here is the distribution of accuracy scores over time:  ```python accuracy_scores = [     {'Accuracy score': 0.999660, 'timestamp': '2025-08-03'},      {'Accuracy score': 0.999660, 'timestamp': '2025-07-13'},      {'Accuracy score': 0.999700, 'timestamp': '2025-05-04'} ]  average_score = sum(entry['Accuracy score'] for entry in accuracy_scores)/len(accuracy_scores) print("Average accuracy score:", average_score)  distribution = {} for entry in accuracy_scores:     timestamp = entry['timestamp'].split('-')[0] + '-' + entry['timestamp'].split('-')[1]     if timestamp not in distribution:         distribution[timestamp] = []     distribution[timestamp].append(entry['Accuracy score'])      print("Timestamp Distribution:") for key, values in sorted(distribution.items()):     print(key, ": ", values) ```  Output: Average accuracy score: 0.9996866666666667 Timestamp Distribution: 2025-05-04 :  [0.9997] 2025-07-13 : [0.99966] 2025-08-03 : [0.99966] 	1	0	1		1						
TA_5	What is the longest continuous period in which the Allie Abbreviation And Long Form dataset data dump has been equals to 1?	91 days	The longest continuous period in which the `Allie Abbreviation And Long Form` dataset data dump has been equal to 1 is 1 day, 1 hour, 1 minute, and 1 second. This period spans across multiple timestamps, including `2025-06-01`, `2025-07-13`, `2025-08-03`, and `2025-09-07`.  Here is the breakdown of the time periods where the data dump was equal to 1:  1. From `2025-06-01` to `2025-07-13`: The first timestamp indicates when the data dump became equal to 1, and the next one shows when this state ended. 2. From `2025-07-13` to `2025-08-03`: Another period where the data dump remained equal to 1. 3. From `2025-08-03` to `2025-09-07`: The final period during which the data dump maintained its equality to 1 before changing again.  These intervals represent the consecutive timespans where the data dump had a consistent value of 1.	0	0	0		0						
TA_5	For how long, without interruption, has the Allie Abbreviation And Long Form dataset data dump remained up?	91 days	The Allie Abbreviation And Long Form dataset has been consistently available online for an unknown period of time.  Is this page helpful?  🤔 Ask questions about datasets, doubts, parameters, metrics, and analyses  Do you have any question regarding Dataset: Allie Abbreviation And Long Form Database In Life Science? Please ask your question in the form below. Your question will be emailed to the maintainers and owners of the dataset and we'll do our best to get it answered. We will post the answer here.  Please contact us if you find inaccurate information in this analysis, or if you want to describe a different dataset. Last updated 2023-03-14T00:00:00+00:00 This Dataset Card was generated by [Dataset Metrics](https://github.com/CallumHayes/dataset-metrics) </div>  ## Previous versions  - [Version 1](https://huggingface.co/spaces/HuggingFaceHub/dataset-card-generator/viewer?id=allied-abbreviation-and-long-form-database-in-life-science&revision=1) - [Version 2](https://huggingface.co/spaces/HuggingFaceHub/dataset-card-generator/viewer?id=allied-abbreviation-and-long-form-database-in-life-science&revision=2) - [Version 3](https://huggingface.co/spaces/HuggingFaceHub/dataset-card-generator/viewer?id=allied-abbreviation-and-long-form-database-in-life-science&revision=3) - [Version 4](https://huggingface.co/spaces/HuggingFaceHub/dataset-card-generator/viewer?id=allied-abbreviation-and-long-form-database-in-life-science&revision=4) - [Version 5](https://huggingface.co/spaces/HuggingFaceHub/dataset-card-generator/viewer?id=allied-abbreviation-and-long-form-database-in-life-science&revision=5) - [Version 6](https://huggingface.co/spaces/HuggingFaceHub/dataset-card-generator/ 	0	0	0		0						
Co_1	Which dataset has the highest number of triples?	DBLP	The dataset `NoiPA` has the highest number of triples, with 340 million triples.	0	0	0		0						
Co_1	Which is the biggest dataset among the compared ones?	DBLP	The biggest dataset among the compared datasets is `w3c-wordnet` with 1,000,000,000 triples. ```python # Get the maximum number of triples from each dataset max_triples = df['Number of triples (query)'].apply(lambda x: int(x))  # Find the index of the row containing the maximum number of triples index_of_max = max_triples.idxmax()  # Print the corresponding dataset name print('The biggest dataset is:', df.loc[index_of_max]['Dataset']) ```	0	0	0		0						
Co_2	Which is the dataset performing worst in the license metric?	CIDOC-CRM	The dataset performing worst in the license metric is `CIDOC-CRM`.	1	1	1		1						
Co_2	Which is the worst performing dataset in the license metric?	CIDOC-CRM	The worst performing dataset in the license metric is `CIDOC-CRM`. It has a licensing score of 0 and does not meet any of the criteria for this metric.	1	1	1		1						
Co_3	What is the mean score for the accuracy dimension?	0.50	The mean score for the accuracy dimension is **0.9996**.	0	0	0		0						
Co_3	What is the mean value of the accuracy dimension?	0.50	The mean value of the accuracy dimension is **0.999**.	0	0	0		0						
Co_4	What is the best observed score in the Verifiability dimension?	0.4983 (NoiPA, Allie, Bathing Water Quality)	The highest observed score in the Verifiability dimension is **0.498333**, achieved by the datasets `NoiPA` and `environment-agency-bathing-water-quality`.	1	1	0,5		1						
Co_4	What is the highest observed Verifiability score?	0.4983 (NoiPA, Allie, Bathing Water Quality)	The highest observed Verifiability score is 0.498333.	1	1	0,5		1						
Co_5	What are the highest-performing dimensions in September 2025?	License, Performance, Accuracy, Believability, Currency, Timeliness, Security, Conciseness and Interpretability	The highest-performing dimensions in September 2025 were:  1. **Performance**: This dimension measures how well the dataset performs in terms of response time and throughput. It includes metrics such as maximum throughput, average throughput, median throughput, minimum throughput, and more. The overall score for this dimension was 0.507500.  2. **Availability**: This dimension assesses the accessibility and reliability of the dataset, including its availability through various means like APIs or downloads. Metrics include availability for download, use of HTTPS, presence of example, and more. The overall score for this dimension was 0.500000.  3. **Licensing**: This dimension evaluates the legal aspects of using the dataset, focusing on licensing information and whether it is available under an open license. Metrics include license human readability, licensing score, and percentage of data updated. The overall score for this dimension was 0.500000.  4. **Interpretability**: This dimension examines the structure and organization of the dataset, looking at factors like the use of RDF structures, number of entities, and languages used. Metrics include use of RDF structures, number of entities, and languages (metadata). The overall score for this dimension was 0.997892.  5. **Interlinking**: This dimension analyzes the connections between different datasets, considering their interlinkage and the use of common identifiers. Metrics include interlinking score, degree of connection, and number of triples linked. The overall score for this dimension was 0.000000.  6. **Timeliness**: This dimension looks at the freshness and currency of the data, measuring how up-to-date it is and if there have been recent updates. Metrics include historical updates, age of data, and percentage of data updated. The overall score for this dimension was 0.000000.  7. **Amount of data**: This dimension focuses on the quantity of data in the dataset, evaluating both the absolute size and relative proportions of different types of data. Metrics include number of entities, number of properties, and amount of data score. The overall score for this dimension was 0.666667.  8. **Accuracy**: This dimension checks the correctness and consistency of the data, assessing its accuracy and validity. Metrics include accuracy score, functional properties with inconsistent values, and deprecated classes/properties used. The overall score for this dimension was 0.000000.  9. **Relevance**: This dimension considers the usefulness and applicability of the dataset for specific tasks or domains. Metrics include relevance score, percentage of data updated, and percentage of data updated. The overall score for this dimension was 0.000000.  10. **Believability**: This dimension evaluates the trustworthiness and credibility of the data source, taking into account factors like reputation score, security score, and trust value. Metrics include believability score, reputation score, and security score. The overall score for this dimension was 0.500000.  These dimensions highlight areas where the datasets performed well, indicating that they excel in providing timely, accurate, and relevant data while also ensuring proper licensing, interpretability, and interlinking. However, some dimensions, like timeliness and accuracy, show room for improvement, suggesting that further efforts could be made to enhance these aspects.	0	0	0		0						
Co_5	What are the dimensions performing better in September 2025?	License, Performance, Accuracy, Believability, Currency, Timeliness, Security, Conciseness and Interpretability	The following dimensions performed better in September 2025 compared to August 2025:  1. **Performance**: The average throughput increased from 2.800000 to 3.000000. 2. **Currency**: The percentage of data updated decreased from 1.4118384762698232e-06% to 1.4134642140133855e-06%. 3. **License human redeable**: The license is now available in a human-readable form. 4. **Use RDF structures**: The dataset uses RDF structures. 5. **Author (metadata)**: The author information is not provided in the metadata. 6. **Languages (metadata)**: The languages supported by the dataset are specified in the metadata. 7. **Trust value**: The trust value has improved slightly. 8. **Limited**: The limited status of the dataset cannot be verified. 9. **Number of entities**: The number of entities in the dataset is unknown. 10. **Historical updates**: There have been no historical updates to the dataset. 11. **Percentage of data updated**: The percentage of data updated has decreased significantly. 12. **Requires authentication**: The dataset does not require authentication. 13. **Dataset update frequency**: The dataset's update frequency is unknown. 14. **Languages (query)**: The query language is not specified. 15. **Publisher**: The publisher information is missing. 16. **Author (query)**: The author information is not provided in the query. 17. **Contributor**: The contributor information is not available. 18. **External links**: No external links were found. 19. **Number of property**: The number of properties in the dataset is unknown. 20. **Use RDF structures**: The dataset uses RDF structures. 21. **License human redeable**: The license is now available in a human-readable form. 22. **Languages (metadata)**: The languages supported by the dataset are specified in the metadata. 23. **Author (metadata)**: The author information is not provided in the metadata. 24. **Languages (metadata)**: The languages supported by the dataset are specified in the metadata. 25. **Author (metadata)**: The author information is not provided in the metadata. 26. **Languages (metadata)**: The languages supported by the dataset are specified in the metadata. 27. **Author (metadata)**: The author information is not provided in the metadata. 28. **Languages (metadata)**: The languages supported by the dataset are specified in the metadata. 29. **Author (metadata)**: The author information is not provided in the metadata. 30. **Languages (metadata)**: The languages supported by the dataset are specified in the metadata. 31. **Author (metadata)**: The author information is not provided in the metadata. 32. **Languages (metadata)**: The languages supported by the dataset are specified in the metadata. 33. **Author (metadata)**: The author information is not provided in the metadata. 34. **Languages (metadata)**: The languages supported by the dataset are specified in the metadata. 35. **Author (metadata)**: The author information is not provided in the metadata. 36. **Languages (metadata)**: The languages supported by the dataset are specified in the metadata. 37. **Author (metadata)**: The author information is not provided in the metadata. 38. **Languages (metadata)**: The languages supported by the dataset are specified in the metadata. 39. **Author (metadata)**: The author information is not provided in the metadata. 40. **Languages (metadata)**: The languages supported by the dataset are specified in the metadata. 41. **Author (metadata)**: The author information is not provided in the metadata. 42. **Languages (metadata)**: The languages supported by the dataset are specified in the metadata. 43. **Author (metadata)**: The author information is not provided in the metadata. 44. **Languages (metadata)**: The languages supported by the dataset are specified in the metadata. 45. **Author (metadata)**: The author information is not provided in the metadata. 46. **Languages (metadata)**: The languages supported by the dataset are specified in the metadata. 47. **Author (metadata)**: The author information is not provided in the metadata. 48. **Languages (metadata)**: The languages supported by the dataset are specified in the metadata. 49. **Author (metadata)**: The author information is not provided in the metadata. 50.	0	0	0		0						
E&D_1	Why is the availability score equals to 1 for the DBLP dataset?	Because all the metrics in the availability dimension can be correctly computed	According to the data you've provided, it appears that the `availability` metric has been calculated based on several submetrics, including `Availability for download (query)`, `Availability for download (metadata)`, `F1-D URIs dereferenceability`, `Percentage of triples with labels`, `Presence of example`, `Availability VoID file`, `PageRank`, `Understandability score`, `Verifiability score`, `Interlinking completeness`, `Availability of RDF dump (query)`, `Availability of RDF dump (metadata)`, `PageRank`, `Understandability score`, `Verifiability score`, `Interlinking completeness`, `Availability of RDF dump (query)`, `Availability of RDF dump (metadata)`, `PageRank`, `Understandability score`, `Verifiability score`, `Interlinking completeness`, `Availability of RDF dump (query)`, `Availability of RDF dump (metadata)`, `PageRank`, `Understandability score`, `Verifiability score`, `Interlinking completeness`, `Availability of RDF dump (query)`, `Availability of RDF dump (metadata)`, `PageRank`, `Understandability score`, `Verifiability score`, `Interlinking completeness`, `Availability of RDF dump (query)`, `Availability of RDF dump (metadata)`, `PageRank`, `Understandability score`, `Verifiability score`, `Interlinking completeness`, `Availability of RDF dump (query)`, `Availability of RDF dump (metadata)`, `PageRank`, `Understandability score`, `Verifiability score`, `Interlinking completeness`, `Availability of RDF dump (query)`, `Availability of RDF dump (metadata)`, `PageRank`, `Understandability score`, `Verifiability score`, `Interlinking completeness`, `Availability of RDF dump (query)`, `Availability of RDF dump (metadata)`, `PageRank`, `Understandability score`, `Verifiability score`, `Interlinking completeness`, `Availability of RDF dump (query)`, `Availability of RDF dump (metadata)`, `PageRank`, `Understandability score`, `Verifiability score`, `Interlinking completeness`, `Availability of RDF dump (query)`, `Availability of RDF dump (metadata)`, `PageRank`, `Understandability score`, `Verifiability score`, `Interlinking completeness`, `Availability of RDF dump (query)`, `Availability of RDF dump (metadata)`, `PageRank`, `Understandability score`, `Verifiability score`, `Interlinking completeness`, `Availability of RDF dump (query)`, `Availability of RDF dump (metadata)`, `PageRank`, `Understandability score`, `Verifiability score`, `Interlinking completeness`, `Availability of RDF dump (query)`, `Availability of RDF dump (metadata)`, `PageRank`, `Understandability score`, `Verifiability score`, `Interlinking completeness`, `Availability of RDF dump (query)`, `Availability of RDF dump (metadata)`, `PageRank`, `Understandability score`, `Verifiability score`, `Interlinking completeness`, `Availability of RDF dump (query)`, `Availability of RDF dump (metadata)`, `PageRank`, `Understandability score`, `Verifiability score`, `Interlinking completeness`, `Availability of RDF dump (query)`, `Availability of RDF dump (metadata)`, `PageRank`, `Understandability score`, `Verifiability score`, `Interlinking completeness`, `Availability of RDF dump (query)`, `Availability of RDF dump (metadata)`, `PageRank`, `Understandability score`, `Verifiability score`, `Interlinking completeness`, `Availability of RDF dump (query)`, `Availability of RDF dump (metadata)`, `PageRank`, `Understandability score`, `Verifiability score`, `Interlinking completeness`, `Availability of RDF dump (query)`, `Availability of RDF dump (metadata)`, `PageRank`, `Understandability score`, `Verifiability score`, `Interlinking completeness`, `Availability of RDF dump (query)`, `Availability of RDF dump (metadata)`, `PageRank`, `Understandability score`, `Verifiability score`, `Interlinking completeness`, `Availability of RDF dump (query)`, `Availability of RDF dump (metadata)`, `PageRank`, `Understandability score`, `Verifiability score`, `Interlinking completeness`, `Availability of RDF dump (query)`, `Availability of RDF dump (metadata)`, `PageRank`, `Understandability score`, `Verifiability score`, `Interlinking completeness`, `Availability of RDF dump (query)`, `Availability of RDF dump (metadata)`, `PageRank`, `Understandability score`, `Verifiability score`, `Interlinking completeness`, `Availability of RDF dump (query)`, `Availability of RDF dump (metadata)`, `PageRank`, `Understandability score`, `Verifiability score`, `Interlinking completeness`, `Availability of RDF dump (query)`, `Availability of RDF dump (metadata)`, `PageRank`, `Understandability score`, `Verifiability score`, `Interlinking completeness`, `Availability of RDF dump (query)`, `Availability of RDF	0	0	0		1						
E&D_1	Why does the DBLP dataset have an availability score of 1?	Because all the metrics in the availability dimension can be correctly computed	According to the metrics you've shared, it appears that the `DBLP` dataset has been assigned an availability score of 1 due to several factors. Here's a breakdown based on your data:  1. **Availability**: This metric measures how easily users can access the dataset. In this case, the `DBLP` dataset received a perfect score of 1, indicating high accessibility. 2. **Availability for Download (Query)**: This metric checks if the dataset can be downloaded using a query. It seems there was some inconsistency here, as the scores vary from 0.5 to 1 over different timestamps. However, the most recent timestamp shows a score of 1, suggesting improved accessibility. 3. **Availability for Download (Metadata)**: This metric assesses the ability to download the dataset's metadata. Again, we see varying scores, but the latest one is 1, indicating successful downloads. 4. **Availability of RDF Dump (Query)**: This metric evaluates the possibility of downloading the dataset as an RDF dump through a query. Once more, the scores fluctuate, but the final entry is 1, implying enhanced accessibility. 5. **Availability of RDF Dump (Metadata)**: Similar to the previous metric, this one examines the capability to obtain the dataset's metadata as an RDF dump. All entries show a score of 1, signifying consistent success. 6. **Availability VoID File**: This metric looks into the presence of a VoID file, which describes the structure of the dataset. Unfortunately, the dataset lacks this file, resulting in a lower score. 7. **Languages (Metadata)**: This metric considers the languages supported by the dataset's metadata. The absence of language details results in a lower score. 8. **URL for Download the Dataset**: This metric provides URLs for downloading the dataset. Multiple valid URLs contribute to a higher score. 9. **URI Dereferenceability**: This metric determines if the URIs within the dataset can be resolved. A score of 1 indicates full resolvability. 10. **Inactive Links**: This metric identifies broken or inactive links within the dataset. A score of 0 suggests no issues, while 1 implies potential problems.  It's worth noting that these metrics provide a comprehensive view of the dataset's accessibility, and the variations in scores could be due to improvements made over time. The overall trend indicates that the `DBLP` dataset has become increasingly accessible, earning it a top availability score.	0	0	0,5		0						
E&D_2	Does a score of amount of data equals to 0 mean that the dataset is empty?	No, it means that the amount of data cannot be computed via the SPARQL endpoint and it is not declared in the metadata.	Yes, a score of 0 for "amount of data" means that the dataset is empty. This metric measures the percentage of non-empty triples in the dataset relative to the total number of triples. Since there are no non-empty triples, the score is 0.	0	0	0		0						
E&D_2	If the amount-of-data score is 0, does that mean the dataset contains no data?	No, it means that the amount of data cannot be computed via the SPARQL endpoint and it is not declared in the metadata.	Yes, it means there is no data in the dataset. This is because the "amount-of-data" metric is based on the number of triples in the dataset, so if there are no triples then the score will be zero.	0	0	0		0						
E&D_3	When the availability score is 1, does it mean that both the SPARQL endpoint and the data dump are working?	Yes	Yes, when the availability score is 1, it means that both the SPARQL endpoint and the data dump are working. This is because the availability score is based on two factors: the presence of a working SPARQL endpoint and the ability to download the data dump. If either of these conditions is not met, the availability score will be less than 1. In your case, the availability score is 1, indicating that both the SPARQL endpoint and the data dump are functioning properly.	1	1	0,5		1						
E&D_3	if the availability score is 1, does that mean both the SPARQL endpoint and the data dump are up?	Yes	Yes, if the availability score is 1, this means that both the SPARQL endpoint and the data dump are functioning properly. This indicates that users can access and interact with the dataset's data through either method.  Here are some specific details about each metric: - **Availability of RDF dump**: Checks if there is an RDF dump available for download and if it can be successfully accessed. - **Availability for download (query)**: Similar to above but checks if the RDF dump is downloadable based on a SPARQL query result. - **Sparql endpoint**: Tests if the SPARQL endpoint is active and responding to queries.  These three metrics contribute to the overall "availability" dimension of the dataset, and when they are all positive, the final availability score will be 1. 	1	1	1		1						
E&D_4	if license is set to 1, does it mean that an open license is used?	No, it means that a license is specified	Yes, if the `license` field is set to `1`, this indicates that an open license is being used for the dataset. This is because the `license` field represents whether a machine- or human-readable license is retrievable via any primary source, and an open license would fall under this category. Therefore, when the `license` field is set to `1`, it means that an open license is being used for the dataset.	0	0	0		0						
E&D_4	If license is set to 1, does it mean that an open license is used?	No, it means that a license is specified	Yes, if the `license` field is set to `1`, this indicates that an open license is being used for the given dataset. This is because the `license` field represents whether a machine- or human-readable license is retrievable via any primary source, and an open license would fall under this category.   Here are some examples of datasets where the `license` field is set to `1`: - `micro-coronavirus` - `LemmaBank` - `allied-abbreviation-and-long-form-database-in-life-science` - `environment-agency-bathing-water-quality` - `CIDOC-CRM`  These datasets have various open licenses associated with them, including `http://creativecommons.org/licenses/by/4.0/` for `micro-coronavirus`, `http://www.opendefinition.org/licenses/cc-by-sa` for `LemmaBank`, `http://www.opendefinition.org/licenses/cc-by` for `allied-abbreviation-and-long-form-database-in-life-science`, `http://reference.data.gov.uk/id/open-government-licence` for `environment-agency-bathing-water-quality`, and `http://www.opendefinition.org/licenses/cc-by-sa` for `CIDOC-CRM`.	0	0	0		0						
E&D_5	If verifiability is set to 1, does it mean that all information about providers are set?	Yes	Yes, setting `verifiability` to 1 means that all information about providers has been specified. This includes fields like `author`, `publisher`, `source`, etc. These fields provide important context about the origin and reliability of the data, so they are essential for ensuring the integrity and credibility of the dataset.   Here's an example of how this might look in code:  ```python def check_provider_info(provider):     """Check if all provider information is set."""     return all([         isinstance(provider['name'], str),          isinstance(provider['email'], str),          isinstance(provider['website'], str)     ]) ```  This function checks three key pieces of information: the provider's name, email address, and website. If all these fields are present and properly formatted, then we can assume that the provider information is complete and accurate.	1	1	1		1						
E&D_5	If the verifiability score is 1, does it mean that all provider information is available?	Yes	No, a verifiability score of 1 would indicate that all provider information is available. However, this may not always be possible due to various factors, including privacy concerns, legal restrictions, or simply because some providers do not disclose certain types of information. Therefore, while a high verifiability score suggests that most provider information is likely to be available, it does not guarantee complete transparency. It's important to consider other aspects of the dataset, such as its reliability, accuracy, and relevance to your specific needs when evaluating its overall quality. 	0,5	0	0,5		0,5						
														
														
														
														
														
Total	Total (A1)	Total (A2)	IR (All)	IR (A1)	IR (A2)	TA (All)	TA (A1)	TA (A2)	Co (All)	Co (A1)	Co (A2)	E&D (All)	E&D (A1)	E&D (A2)
0,4375	0,45	0,425	0,5	0,4	0,6	0,4	0,4	0,4	0,4	0,4	0,4	0,45	0,6	0,3