Question_ID	Request	Expected_Response	Actual_Response	Voter 1	Voter 2	Voter 3	comment	FINAL						
IR_1	Retrieve the SPARQL endpoint status of NoiPA in the date September 7th, 2025?	On	 The SPARQL endpoint status of NoiPA is available.	1	1	1		1						
IR_1	Is the NoiPA SPARQL endpoint up in the last assessment?	On	 Yes, the NoiPA SPARQL endpoint is up according to the latest assessment.	1	1	1		1						
IR_2	Which is the amount of data of the LiLa Lemma Bank dataset?	1,699,687	 The amount of data of the LiLa Lemma Bank dataset is 0.750000.	0	0	0		0						
IR_2	How many triples does LiLa Lemma Bank have?	1,699,687	 33237.000000 triples	0	0	0		0						
IR_3	Which is the license of the DBLP dataset?	CC-0	 The license of the DBLP dataset is under the Creative Commons Attribution 4.0 International (CC BY 4.0) license.	0	0	0		0						
IR_3	How is DBLP licensed?	CC-0	DBLP is licensed under the Creative Commons Attribution 4.0 International License (CC BY 4.0). This means that you are free to share and adapt the work, even commercially, as long as you give appropriate credit, indicate if changes were made, and keep the same license.	0	0	0		0						
IR_4	Which is the accuracy score of WordNet?	0.00	 The accuracy score of WordNet is 1.000000.	0	0	0		0						
IR_4	How accurate is WordNet?	0.00	The accuracy of WordNet can vary depending on the specific dataset and measure being evaluated. Here are some examples of accuracy scores for WordNet across different datasets and measures:  - **w3c-wordnet**:   - **Accuracy score**: 0.000000 (multiple instances)   - **Completeness score**: 0.000000 (multiple instances)   - **Consistency score**: 0.000000 (multiple instances)   - **Interpretability score**: 0.000000 (multiple instances)   - **Representational-Consistency score**: 0.000000 (multiple instances)   - **Verifiability score**: 0.000000 (multiple instances)   - **Believability score**: 0.000000 (multiple instances)   - **F1-D URIs dereferenceability**: 0.000000 (multiple instances)   - **F2a-M Registered in search engines**: 1.000000 (multiple instances)   - **F3-M Data referrable via a DOI**: 1.000000 (multiple instances)   - **F4-M Metadata registered in a searchable engine**: 1.000000 (multiple instances)   - **R1.1 Machine- or human-readable license retrievable via any primary source**: 1.000000 (multiple instances)   - **R1.2 Publisher information such as authors-contributors-publishers and sources**: 1.000000 (multiple instances)   - **R1.3-D Data organized in a standardized way**: 1.000000 (multiple instances)   - **I1 Use of FAIR vocabularies**: 0.000000 (multiple instances)   - **I2 Use of FAIR vocabularies**: 0.000000 (multiple instances)   - **I3-D Degree of connection**: 1.000000 (multiple instances)   - **I4-value**: 0.000000 (multiple instances)   - **IN4-value**: 0.000000 (multiple instances)   - **PE2-value**: 0.000000 (multiple instances)   - **PE3-value**: 0.000000 (multiple instances)   - **RC1-value**: 0.000000 (multiple instances)   - **RC2-value**: 0.000000 (multiple instances)   - **U1-value**: 0.000000 (multiple instances)   - **U2-value**: 0.000000 (multiple instances)   - **U3-value**: 0.000000 (multiple instances)   - **U4-value**: 0.000000 (multiple instances)   - **U5-value**: 0.000000 (multiple instances)   - **CS2-value**: 0.000000 (multiple instances)   - **Reputation score**: 0.000000 (multiple instances)   - **PageRank**: 0.000000 (multiple instances)   - **Security score**: 0.000000 (multiple instances)   - **Performance score**: 0.000000 (multiple instances)   - **Availability score**: 0.000000 (multiple instances)   - **Licensing score**: 0.000000 (multiple instances)   - **Trust value**: 0.000000 (multiple instances)   - **Centrality**: 0.000000 (multiple instances)   - **Clustering coefficient**: 0.000000 (multiple instances)   - **Number of triples (metadata)**: 710000.000000 (multiple instances)   - **Normalized score**: 12	1	1	1		1						
IR_5	What is the trust value of the Linked Open Camera dataset?	0.5	 The trust value of the Linked Open Camera dataset is 0.500000.	1	1	1		1						
IR_5	How trustworthy is the Linked Open Camera dataset?	0.5	The Linked Open Camera dataset has a trust value of 0.75 across various measures. This indicates a moderate level of trustworthiness.	0	0	0		0						
TA_1	Is the number of triples of NoiPA retrieved via the SPARQL endpoint always the same?	No, they slightly increase over time.	Yes, the number of triples of NoiPA retrieved via the SPARQL endpoint is consistently reported as 355560873.000000 across different timestamps.	0	0	0		0						
TA_1	The number of triples of NoiPA retrieved via the SPARQL endpoint is constant?	No, they slightly increase over time.	 Yes, the number of triples of NoiPA retrieved via the SPARQL endpoint is constant across all timestamps.	0	0	0		0						
TA_2	Is the SPARQL endpoint of DBLP always available?	Yes	 Yes, the SPARQL endpoint of DBLP is always available.	1	1	1		1						
TA_2	Is the DBLP SPARQL endpoint always up?	Yes	 Yes, the DBLP SPARQL endpoint is always up.	1	1	1		1						
TA_3	Is the data dump of the Allie Abbreviation And Long Form dataset always set to 1 in the observed period?	No, it is discontinuous	No, the data dump of the Allie Abbreviation And Long Form dataset is not always set to 1 in the observed period. The data dump can vary depending on the specific time frame and the availability of the data.	1	1	1		1						
TA_3	Is the data dump of the Allie Abbreviation And Long Form dataset always up?	No, it is discontinuous	 Yes, the data dump of the Allie Abbreviation And Long Form dataset is always up.	0	0	0		0						
TA_4	Is the accuracy of NoiPA constant over time?	No	 Yes, the accuracy score of NoiPA remains constant at 0.999999 across different timestamps.	0	0	0		0						
TA_4	Does the accuracy of NoiPA remain consistent over time?	No	 Yes, the accuracy of NoiPA remains consistent over time, with a score of 1.000000 across multiple timestamps.	0	0	0		0						
TA_5	What is the longest continuous period in which the Allie Abbreviation And Long Form dataset data dump has been equals to 1?	91 days	The longest continuous period in which the Allie Abbreviation And Long Form dataset data dump has been available is 1 month.	0	0	0		0						
TA_5	For how long, without interruption, has the Allie Abbreviation And Long Form dataset data dump remained up?	91 days	 The Allie Abbreviation And Long Form dataset data dump has been up without interruption for 101 days.	0	0	0		0						
Co_1	Which dataset has the highest number of triples?	DBLP	The dataset with the highest number of triples is "environment-agency-bathing-water-quality" with 84,000,000 triples.	0	0	0		0						
Co_1	Which is the biggest dataset among the compared ones?	DBLP	The biggest dataset among the compared ones is "environment-agency-bathing-water-quality" with 30689453.000000 triples.	0	0	0		0						
Co_2	Which is the dataset performing worst in the license metric?	CIDOC-CRM	 The dataset performing worst in the license metric is "CIDOC-CRM".	1	1	1		1						
Co_2	Which is the worst performing dataset in the license metric?	CIDOC-CRM	The worst performing dataset in the license metric is CIDOC-CRM with a licensing score of 0.000000 across multiple timestamps.	1	1	1		1						
Co_3	What is the mean score for the accuracy dimension?	0.50	The mean score for the accuracy dimension is not explicitly provided in the given data. However, it can be inferred from the individual accuracy scores provided for each dataset. To calculate the mean accuracy score, you would sum up all the accuracy scores and divide by the number of datasets.  For example, if there are 5 datasets with accuracy scores of 1.0, 0.9, 0.8, 0.7, and 0.6, the mean accuracy score would be:  \[ \text{Mean Accuracy Score} = \frac{(1.0 + 0.9 + 0.8 + 0.7 + 0.6)}{5} = 0.8 \]  This calculation assumes that each dataset has equal weight in contributing to the overall accuracy score. If the datasets have different weights or importance, a weighted average might be more appropriate. 	0	0	0		0						
Co_3	What is the mean value of the accuracy dimension?	0.50	The mean value of the accuracy dimension is not explicitly provided in the given data. However, it can be inferred from the provided measures related to accuracy. For instance, the "Accuracy score" measure provides a value that represents the overall accuracy of the dataset. If we consider this measure as representative of the accuracy dimension, then the mean value would be the average of these accuracy scores across different datasets.	0	0	0		0						
Co_4	What is the best observed score in the Verifiability dimension?	0.4983 (NoiPA, Allie, Bathing Water Quality)	 The best observed score in the Verifiability dimension is 1.000000.	0	0	0		0						
Co_4	What is the highest observed Verifiability score?	0.4983 (NoiPA, Allie, Bathing Water Quality)	 The highest observed Verifiability score is 1.000000.	0	0	0		0						
Co_5	What are the highest-performing dimensions in September 2025?	License, Performance, Accuracy, Believability, Currency, Timeliness, Security, Conciseness and Interpretability	The highest-performing dimensions in September 2025 are:  1. **Performance** with a score of 1.000000 for the measure "Performance score" in the dataset "bpr". 2. **Amount of data** with a score of 1.000000 for the measure "Amount of data score" in the dataset "NoiPA". 3. **Interoperability** with a score of 1.000000 for the measure "Interoperability score" in the dataset "dblp-kg". 4. **Availability** with a score of 1.000000 for the measure "Availability score" in the dataset "micro-coronavirus". 5. **Timeliness** with a score of 1.000000 for the measure "Timeliness score" in the dataset "bpr". 	0	0	0		0						
Co_5	What are the dimensions performing better in September 2025?	License, Performance, Accuracy, Believability, Currency, Timeliness, Security, Conciseness and Interpretability	The dimensions performing better in September 2025 are:  1. **Performance**: This dimension has a performance score of 0.740000 for the dataset "bpr". 2. **Currency**: This dimension has a currency score of 0.500000 for the dataset "bpr". 3. **Licensing**: This dimension has a licensing score of 0.750000 for the dataset "environment-agency-bathing-water-quality". 4. **Interlinking**: This dimension has an interlinking completeness score of 0.750000 for the dataset "w3c-wordnet". 5. **Availability**: This dimension has an availability score of 0.750000 for the dataset "LemmaBank".  These dimensions have shown improvement in their respective metrics for the month of September 2025. 	0	0	0		0						
E&D_1	Why is the availability score equals to 1 for the DBLP dataset?	Because all the metrics in the availability dimension can be correctly computed	The availability score for the DBLP dataset is 1 because it meets the criteria for high availability, including having a working SPARQL endpoint and available RDF dump, as well as being registered in search engines. This indicates that the dataset is highly accessible and reliable.	0,5	0,5	0,5		0,5						
E&D_1	Why does the DBLP dataset have an availability score of 1?	Because all the metrics in the availability dimension can be correctly computed	The DBLP dataset has an availability score of 1 because it meets the criteria for being highly available. This includes having both a working SPARQL endpoint and an RDF dump available for download, ensuring that the dataset is accessible through multiple means. Additionally, the dataset is registered in searchable engines and has a persistent DOI, making it easily discoverable and accessible. These factors contribute to its high availability score.	0,5	0,5	0,5		0,5						
E&D_2	Does a score of amount of data equals to 0 mean that the dataset is empty?	No, it means that the amount of data cannot be computed via the SPARQL endpoint and it is not declared in the metadata.	No, a score of 0 for the amount of data does not necessarily mean that the dataset is empty. It could indicate that the dataset has very little data or that the data is not well-organized, but it does not definitively mean that the dataset is completely empty. 	0	0	0		0						
E&D_2	If the amount-of-data score is 0, does that mean the dataset contains no data?	No, it means that the amount of data cannot be computed via the SPARQL endpoint and it is not declared in the metadata.	 Yes, an amount-of-data score of 0 indicates that the dataset contains no data.	0	0	0		0						
E&D_3	When the availability score is 1, does it mean that both the SPARQL endpoint and the data dump are working?	Yes	 Yes, when the availability score is 1, it means that both the SPARQL endpoint and the data dump are working.	1	1	1		1						
E&D_3	if the availability score is 1, does that mean both the SPARQL endpoint and the data dump are up?	Yes	 Yes, if the availability score is 1, it means that both the SPARQL endpoint and the data dump are operational.	1	1	1		1						
E&D_4	if license is set to 1, does it mean that an open license is used?	No, it means that a license is specified	Yes, if the "license" metric value is set to 1, it indicates that an open license is used. This typically means that the dataset is freely available for use, reuse, and redistribution under certain conditions specified by the license.	0	0	0		0						
E&D_4	If license is set to 1, does it mean that an open license is used?	No, it means that a license is specified	Yes, if the license is set to 1, it means that an open license is used. This typically indicates that the dataset is freely available for use, modification, and distribution under the terms specified by the license.	0	0	0		0						
E&D_5	If verifiability is set to 1, does it mean that all information about providers are set?	Yes	No, setting verifiability to 1 does not necessarily mean that all information about providers is set. It indicates that the dataset has been verified to ensure that the information about providers is accurate and complete. However, specific details about providers may still need to be checked or confirmed separately.	0	0	0		0						
E&D_5	If the verifiability score is 1, does it mean that all provider information is available?	Yes	Yes, a verifiability score of 1 indicates that all provider information is available and meets the necessary criteria for verifiability.	1	1	1		1						
														
														
														
														
														
Total	Total (A1)	Total (A2)	IR (All)	IR (A1)	IR (A2)	TA (All)	TA (A1)	TA (A2)	Co (All)	Co (A1)	Co (A2)	E&D (All)	E&D (A1)	E&D (A2)
0,325	0,325	0,325	0,4	0,4	0,4	0,3	0,4	0,2	0,2	0,2	0,2	0,4	0,3	0,5