Question_ID	Request	Expected_Response	Actual_Response	Colonna 5	Colonna 6	Voter 3	Colonna 7	FINAL						
IR_1	Retrieve the SPARQL endpoint status of NoiPA in the date September 7th, 2025?	On	Based on the provided dataset, the SPARQL endpoint status for NoiPA on September 7th, 2025 is:  Available ✅ SPARQL endpoint is online and operational.  Key supporting evidence from the dataset:  ["Available","NoiPA","Sparql endpoint","2025-09-07"] Directly confirms availability for the specified date. ["https://sparql-noipa.mef.gov.it/sparql","SPARQL endpoint URL","NoiPA","2025-09-07"] Validates that the endpoint URL (https://sparql-noipa.mef.gov.it/sparql) was active on this date. Metric Definition:  {   "Sparql endpoint": {     "description": "Checking whether the server responds to a SPARQL query",     "input": "Metadata",     "output": "Offline: if the sparql endpoint is not online; Available: if SPARQL endpoint is online.; -: The SPARQL endpoint is missing.",     "dimension": "Availability"   } } Relevant Entries: ["Available","NoiPA","Sparql endpoint","2025-09-07"] ["https://sparql-noipa.mef.gov.it/sparql","SPARQL endpoint URL","NoiPA","2025-09-07"]	1	1	1		1						
IR_1	Is the NoiPA SPARQL endpoint up in the last assessment?	On	Based on the latest available data records for the NoiPA SPARQL endpoint:  Endpoint Availability: Available ▸ Status: Available as of 2025-09-07 (most recent record) ▸ URL: https://sparql-noipa.mef.gov.it/sparql Key Supporting Data Points: 2025-09-07:  ["NoiPA", "Available", "Sparql endpoint", "2025-09-07"] 2025-08-03:  ["NoiPA", "2025-08-03", "Available", "Sparql endpoint"] Endpoint URL Consistency:  ["NoiPA", "SPARQL endpoint URL", "2025-09-07", "https://sparql-noipa.mef.gov.it/sparql"] Conclusion: Yes, the NoiPA SPARQL endpoint was confirmed operational (Available) in the last recorded assessment on 2025-09-07, with no contradictory status reports in the dataset.	1	1	1		1						
IR_2	Which is the amount of data of the LiLa Lemma Bank dataset?	1,699,687	Based on the LiLa Lemma Bank dataset's provided data, the key statistics regarding its data volume are:  Key Data Metrics: Number of Triples (Metadata): 1,699,687 triples This represents the structured metadata entries in the dataset.  Number of Linked Triples: 3,318,298 triples These are triples that link the dataset's resources to other entities or datasets.  Core Lemma Count: The dataset contains approximately 200,000 canonical forms for Latin (lemmas). These are used to interlink linguistic resources within the LiLa Knowledge Base, modeled using the Ontolex ontology.  Summary Table: Metric Value Metadata Triples 1,699,687 Linked Triples 3,318,298 Canonical Forms (Lemmas) ~200,000 Additional Notes: The "Amount of data score" of 0.333 (out of 1.0) reflects a normalized assessment of the dataset’s data volume relative to other datasets in the context of the provided metrics. The dataset's primary purpose is interlinking Latin linguistic resources, emphasizing lemma-based annotations. For direct access, the dataset is available via its GitHub repository or SPARQL endpoint:  GitHub: https://github.com/CIRCSE/LiLa_Lemma-Bank SPARQL Endpoint: https://lila-erc.eu/sparql/lila_knowledge_base/sparql	1	1	1		1						
IR_2	How many triples does LiLa Lemma Bank have?	1,699,687	LiLa Lemma Bank (represented as LemmaBank in the data) has two distinct triple counts recorded:  Number of Triples Linked: Value: 3,318,298 triples This figure appears consistently across multiple dates (2025-05-04, 2025-07-13, 2025-08-03, 2025-09-07).  ["3318298.000000","LemmaBank","Number of triples linked","2025-09-07"] ["3318298.000000","2025-08-03","LemmaBank","Number of triples linked"] ["Number of triples linked","2025-07-13","3318298.000000","LemmaBank"] ["Number of triples linked","LemmaBank","2025-05-04","3318298.000000"] Number of Triples (Metadata): Value: 1,699,687 triples Also confirmed across multiple dates.  ["Number of triples (metadata)","2025-08-03","1699687.000000","LemmaBank"] ["1699687.000000","2025-07-13","Number of triples (metadata)","LemmaBank"] ["2025-05-04","Number of triples (metadata)","LemmaBank","1699687.000000"] Answer Summary Linked (core content) triples: 3,318,298 Metadata triples: 1,699,687 💡 If you meant a specific category, clarify in a follow-up!	1	1	1		1						
IR_3	Which is the license of DBLP?	CC-0	The DBLP Knowledge Graph (dblp-kg) dataset is licensed under the Creative Commons CC0 1.0 Universal (CC0 1.0) Public Domain Dedication. This is a public domain license that allows maximum freedom for reuse, modification, and distribution without restrictions.  Key Details: License URL (Machine-Readable Metadata): http://www.opendefinition.org/licenses/cc-zero (redirects to CC0 1.0). Confirmation in Data: Multiple records explicitly link dblp-kg to the CC0 license, accompanied by timestamps (e.g., 2025-08-03, 2025-07-13). Human-Readable License Notes: While the dataset provides a machine-readable license URL, a human-readable summary isn't explicitly retrievable via the structured data (License human redeable is marked as - in metadata). You can review the full CC0 terms at the official link above. Why This Matters: Legal Reuse: CC0 waives copyright/IP restrictions, making the dataset freely usable for any purpose (research, commercial, etc.). Compliance: Meets FAIR standards for machine-retrievable licensing (R1.1). For verification via DBLP's official sources:  Dataset Page: https://dblp.org/rdf License Metadata: Embedded in RDF dumps and SPARQL endpoint headers.	1	1	1		1						
IR_3	How is DBLP licensed?	CC-0	The DBLP Knowledge Graph (dblp-kg) is licensed under the Creative Commons Zero (CC0) 1.0 Universal Public Domain Dedication, as confirmed by the following evidence from the dataset:  Key Licensing Facts: Machine-Readable License (Metadata)   ["dblp-kg", "http://www.opendefinition.org/licenses/cc-zero", "2025-07-13", "License machine redeable (metadata)"] Points to CC0 1.0, a public domain dedication. Machine-Readable License (Query)   ["dblp-kg", "License machine redeable (query)", "https://creativecommons.org/publicdomain/zero/1.0/", "2025-05-04"] Direct link to the canonical CC0 1.0 deed. FAIR Compliance   ["R1.1 Machine- or human-readable license retrievable via any primary source", "2025-05-04", "1.000000", "dblp-kg"] Scores 1.0/1.0 for license accessibility, per FAIR criteria. Implications of CC0: No Copyright Restrictions: You may freely use, modify, and redistribute dblp-kg data. No Attribution Required: Credit is not legally mandated (though encouraged for academic integrity). Public Domain Dedication: Maximizes reuse in scientific/commercial applications. Additional Notes: The Licensing score of 0.500000 suggests partial compliance with secondary metrics (e.g., metadata formatting), but the core CC0 license is unambiguous. All license links (cc-zero, creativecommons.org/publicdomain/zero/1.0) resolve to official CC0 documentation.	1	1	1		1						
IR_4	Which is the accuracy score of WordNet?	0.00	The Accuracy score for WordNet (w3c-wordnet) is 0.000000 across all recorded evaluations.  This is found in multiple entries with timestamps ranging from 2025-05-04 to 2025-09-07, consistently showing:   ["w3c-wordnet", "0.000000", ..., "Accuracy score"] Key Details: Definition: Accuracy score reflects the overall accuracy dimension, computed as a linear combination of metrics (range: [0, 1], best value: 1).   {"Accuracy score": {   "description": "Overall score for the accuracy dimension...",   "output": "[0,1]. Best value: 1.",   "dimension": "Accuracy" }} Context: All entries for w3c-wordnet explicitly show 0.000000 for Accuracy, indicating no recorded accuracy under this evaluation framework.   ["w3c-wordnet","0.000000","2025-09-07","Accuracy score"]   ["Accuracy score","w3c-wordnet","0.000000","2025-05-04"]   ["w3c-wordnet","2025-08-03","Accuracy score","0.000000"]   ["w3c-wordnet","2025-07-13","Accuracy score","0.000000"] Recommendation: Verify the evaluation methodology and dataset context, as a 0.000000 score suggests no valid accuracy metrics were computed or recorded for WordNet in this benchmark.	1	1	1		1						
IR_4	How accurate is WordNet?	0.00	Accuracy Analysis of WordNet (W3C Version) The dataset provides explicit accuracy scores for the W3C version of WordNet (w3c-wordnet). Here's the key breakdown:  ⚠️ Explicit Accuracy Scores All recorded accuracy scores are 0.000000, observed on multiple dates:  2025-05-04, 2025-07-13, 2025-08-03, and 2025-09-07.  ["w3c-wordnet", "2025-05-04", "Accuracy score", "0.000000"] ["w3c-wordnet", "2025-07-13", "Accuracy score", "0.000000"] ["w3c-wordnet", "2025-09-07", "Accuracy score", "0.000000"] ["0.000000", "Accuracy score", "w3c-wordnet", "2025-08-03"] 📊 Contextual Interpretation While the accuracy metric is consistently zero, other scores suggest partial strengths:  Completeness/Interlinking: 0.000000 Performance: 0.000000 Believability: 0.800000 (high confidence in metadata quality). Verifiability: 0.331667 (moderate provenance tracking). Normalized Score: 12.075–13.325 (on a non-specified scale). 🧠 Key Observations Potential Methodology Gap: The zero accuracy score might indicate missing evaluation data or incompatible metrics (e.g., WordNet's structure doesn't align with the accuracy test framework).  Alternative Quality Indicators: The dataset reports minimal reuse of FAIR vocabularies (I2 Use of FAIR vocabularies = 0.000000), suggesting adherence to standardized ontologies is low.  Conclusion WordNet's accuracy is rated 0.000000 in this dataset, but this could reflect methodological limitations rather than inherent flaws. For practical NLP tasks, WordNet remains empirically validated for lexical tasks (synonymy, hyponymy), though newer resources like BERT or Word2Vec outperform it in contextual semantics.  For compliance-focused applications (e.g., FAIR data), consider supplemental vocabularies to address interoperability gaps.	1	1	1		1						
IR_5	What is the trust value of the Linked Open Camera dataset?	0.5	The Trust Value of the Linked Open Camera dataset (bpr) is 0.500 (on a scale of 0 to 1). This value appears consistently across multiple dates in the provided dataset:  Key Evidence  ["bpr", "Trust value", "0.500000", "2025-05-04"] ["Trust value", "bpr", "0.500000", "2025-07-13"] ["bpr", "2025-05-04", "Security score", "1.000000"]  // Contextual support Context Dataset Identifier: bpr links to http://dati.camera.it/sparql (the SPARQL endpoint for the Linked Open Camera dataset). Metric Dimension: "Believability" (the dimension associated with the trust value). Consistency: The value 0.500 appears repeatedly, indicating stability across evaluations. Summary Table Metric Dataset Value Date Dimension Trust value bpr 0.500 2025-07-13 Believability Note: The trust score reflects moderate reliability based on metadata about the identity of the information provider.	1	1	1		1						
IR_5	How trustworthy is the Linked Open Camera dataset?	0.5	Based on the provided dataset, here's an assessment of the trustworthiness of the Linked Open Camera dataset (http://dati.camera.it/sparql):  Key Trust Indicators Summary Metric Value Analysis Trust Value 0.500000 (Low) Below datasets like NoiPA/LemmaBank (0.75) Verifiability Score 0.110000 (Very Low) Data sources/contributors not well-specified. Security Score 1.000000 (High) Uses HTTPS and authentication (A1.2 = 1.0) Believability 0.500000 (Moderate) 50% credence in data provider identity. On Trusted Provider List False Not recognized as authoritative by vetted registries. License Clarity [CC-BY-SA] Machine-readable license, but metadata missing (license_redeable issues). FAIR Compliance Incomplete Scores for FAIR principles are inconsistent (e.g., F3-M = 0.0 for DOI). 📝Detailed Breakdown Provider Identity:  No authoritative recognition: "Is on a trusted provider list": "False". Unspecified contributors/publishers: _contributors_specified = 0.0. Incomplete FAIR Compliance:  🚫 F3-M (data referrable via DOI): 0.000000. ✅ A1.2 (HTTPS/auth support): 1.000000. 🚫 I2 (FAIR vocabularies): 0.000000. License Issues:  License URL: http://www.opendefinition.org/licenses/cc-by-sa, but metadata lacks licensing details (author = False, machine_redeable = 0.0). High Security: Endpoint uses HTTPS (Is on a trusted provider list = True). SPARQL Availability: Active endpoint ("Sparql endpoint": "Available"). RDF Compliance: Structured data (Uses RDF structures = True). Low Verifiability:  Minimal links to external sources (External links: []). No VoID file ("VoID file absent"). Inconsistent Metadata:  Missing entity counts (Number of entities: "None"). No historical updates ("Historical updates": "-"). Trust Anchors:  Low trust context (Trust value = 0.5 vs. benchmark of 0.75 for trusted datasets). 📈Comparative Analysis Dataset Trust Value Security Verifiability Trusted Provider Alignment Linked Open Camera 0.500 ✅ 🟠 ❌ 🟡 Mixed NoiPA (reference) 0.750 ✅ ✅ ✅ ✅ High 🚀Final Verdict: Moderate Trust (Use with Caution) 🔴 Not recommended for high-stakes applications (e.g., legal/policy decisions). 🟡 Acceptable for exploratory analysis if: Validated against primary sources. Supplemented with metadata checks. Mathematical Formulation: Let trust T be modeled as: T=α⋅Security+β⋅Verifiability+γ⋅License For this dataset, α=1, β=0, γ=0.5, resulting in T≈0.5.  📚Recommendations Require manual verification of SPARQL query results. Check licensing compliance before redistribution. Prefer NoiPA/LemmaBank for higher-trust Italian public data.	1	1	1		1						
TA_1	Is the number of triples of NoiPA retrieved via the SPARQL endpoint always the same?	No, they slightly increase over time.	Based on the provided data, the number of triples retrieved via the SPARQL endpoint for NoiPA is not always the same. Here's the analysis:  Key Observations Number of Triples (Query) The volatile values (directly queried via SPARQL) show clear increases over time:  2025-05-04: 412,894,535 2025-07-13: 432,861,574 2025-08-03: 439,796,613 2025-09-07: 446,170,057 This demonstrates dataset growth of ~33M triples over 4 months. Number of Triples (Metadata) The static metadata value is consistently reported as:  340,000,000 across all dates (2025-05-04, 2025-07-13, 2025-08-03, 2025-09-07). This appears to be a fixed administrative value not updated with actual data growth.  ["NoiPA","2025-05-04","412894535.000000","Number of triples (query)"] ["NoiPA","2025-07-13","432861574.000000","Number of triples (query)"] ["NoiPA","2025-08-03","439796613.000000","Number of triples (query)"] ["NoiPA","2025-09-07","446170057.000000","Number of triples (query)"]  ["Number of triples (metadata)","NoiPA","2025-07-13","340000000.000000"] ["340000000.000000","2025-08-03","NoiPA","Number of triples (metadata)"] Conclusion SPARQL Query ≠ Metadata Value: The real-time triple count retrieved via SPARQL increases dynamically, while the metadata value remains fixed at 340M. Recommendation: Always use direct SPARQL queries (COUNT) for accurate triple counts, as metadata values may be outdated. Data growth rate=  4 months 446M−412M ​  ≈8.25M triples/month	1	1	1		1						
TA_1	The number of triples of NoiPA retrieved via the SPARQL endpoint is constant?	No, they slightly increase over time.	To determine whether the number of triples for the NoiPA dataset retrieved via its SPARQL endpoint remains constant, we analyze multiple observations of "Number of triples" metrics recorded at different dates:  Key Observations Always 340,000,000 across all dates: 2025-07-13: 340000000.000000 2025-05-04: 340000000.000000 2025-09-07: 340000000.000000 Source: Entries labeled " Number of triples (metadata)". Monotonically increases over time: 2025-05-04: 412,894,535 2025-07-13: 432,861,574 2025-09-07: 446,170,057 Source: Entries labeled "Number of triples (query)". Conclusion Metadata-reported triples remain constant (340M), but actual query results show continuous growth (~413M → 446M) over time. The answer is no: The actual number of triples retrieved via the SPARQL endpoint is not constant. It increases, while the metadata value is stale (not updated to reflect dataset growth). Recommendation Verify data freshness via live SPARQL queries rather than relying on static metadata. The inconsistency suggests:  Metadata is outdated or misconfigured. The dataset is actively updated (e.g., new triples added), but metadata lacks versioning.	1	1	1		1						
TA_2	Is the SPARQL endpoint of DBLP always available?	Yes	Based on the provided dataset, here's a concise analysis of the DBLP SPARQL endpoint availability:  Consistent Availability Status:  Across all recorded dates (2025-05-04, 2025-07-13, 2025-08-03, 2025-09-07), the DBLP SPARQL endpoint (dblp-kg) is explicitly marked as "Available":  ["dblp-kg","2025-05-04","Sparql endpoint","Available"] ["Available","Sparql endpoint","dblp-kg","2025-07-13"] ["dblp-kg","Available","Sparql endpoint","2025-08-03"] ["Available","Sparql endpoint","dblp-kg","2025-09-07"] Endpoint URL Consistency:  The URL https://sparql.dblp.org/sparql is consistently listed for dblp-kg in all relevant entries. No Downtime Records:  Unlike other datasets (e.g., CIDOC-CRM, bbc-programmes), no entries show DBLP's SPARQL endpoint as unavailable ("-" or "False"). Validation Logic:  Metric description confirms availability is checked via active SPARQL query responses:  {"Sparql endpoint":{"description":"Checking whether the server responds to a SPARQL query", "output":"Available: if SPARQL endpoint is online."}} Final Answer Yes, based on the provided data, the DBLP SPARQL endpoint (https://sparql.dblp.org/sparql) was consistently available across all recorded timestamps in 2025. While no service guarantees 100% uptime, this dataset shows no evidence of downtime for DBLP during the observed period. For critical applications, implement standard fault-tolerant retry mechanisms.	1	1	1		1						
TA_2	Is the DBLP SPARQL endpoint always up?	Yes	Based on the provided dataset entries regarding the dblp-kg SPARQL endpoint, here is a clear summary of its availability:  Key Observations: Availability Status:  All recorded entries for the dblp-kg SPARQL endpoint (URL: https://sparql.dblp.org/sparql) explicitly state its status as "Available". Observed dates: 2025-05-04, 2025-07-13, 2025-08-03, 2025-09-07. Metric: Sparql endpoint → Output: Available. Supporting Dimensions:  Availability: Defined as "Checking whether the server responds to a SPARQL query. Output: Available if online, Offline otherwise." No Offline status was recorded for this endpoint.  Uptime Consistency:  The endpoint remained available across all dates covered in the dataset (May to September 2025). Key Quote from Metadata:  {   "Sparql endpoint": {     "description": "Checking whether the server responds to a SPARQL query",     "input": "Metadata",     "output": "Offline: if the sparql endpoint is not online; Available: if SPARQL endpoint is online.; -: The SPARQL endpoint is missing.",     "dimension": "Availability"   } } 📝 Conclusion: Yes, the DBLP SPARQL endpoint (https://sparql.dblp.org/sparql) was consistently available during all recorded dates in the dataset (2025-05-04 to 2025-09-07). No downtime was reported.  ⚠️ Note: This conclusion is limited to the time range covered by the dataset. Real-world availability outside this period may vary due to maintenance or unexpected outages. For live status checks, use monitoring tools like curl or SPARQL ping queries.  Verify the endpoint's current status with:   curl -I -s "https://sparql.dblp.org/sparql" | grep -E "HTTP|Location"	1	1	1		1						
TA_3	Is the data dump of the Allie Abbreviation And Long Form dataset always set to 1 in the observed period?	No, it is discontinuous	No, the data dump indicator (_dataset_update_frequency_specified) for the Allie Abbreviation And Long Form dataset is not always set to 1 during the observed period.  Key Observations: Values Over Time:  2025-05-04: 0.000000 2025-06-01: 1.000000 2025-08-03: 1.000000 2025-09-07: 0.000000 Dataset Update Frequency: Additional metadata specifies a Dataset update frequency of ['Monthly'], but the binary flag _dataset_update_frequency_specified (indicating whether a dump exists) varies:   ["Dataset update frequency", "-", "2025 squares", "allie-abbreviation-and-long-form-database-in-life-science"] Conclusion: The data dump availability (as indicated by _dataset_update_frequency_specified) fluctuates between 0 and 1 during the observed timeframe, meaning it is not consistently set to 1. Further investigation into reasons for this variability (e.g., pipeline errors, maintenance) may be required.	1	1	1		1						
TA_3	Is the data dump of the Allie Abbreviation And Long Form dataset always up?	No, it is discontinuous	After analyzing the provided dataset entries, here's the assessment of the Allie Abbreviation and Long Form dataset's data dump availability:  Key Findings Metadata Dump Availability  Consistently Available: Availability of RDF dump (metadata) = 1.000000 appears on multiple dates (2025-05-04, 2025-06-01, 2025-07-13, etc.), indicating reliable access to the metadata dump. Download URL: FTP paths like ftp://ftp.dbcls.jp/allie/allie_rdf/allie_rdf_nt_latest.gz are explicitly listed and stable. Query Endpoint Limitations  Unavailable: Availability of RDF dump (query) = False or "-"/"No dump available" (e.g., 2025-07-13, 2025-09-07). SPARQL or live querying is not supported. Update Frequency  Monthly Cadence: Dataset update frequency = ['Monthly'] (2025-07-13), though other entries show "-" (missing metadata). Age of Data: Age of data = 2011-08-01 (old baseline) with _dataset_update_frequency_specified = 1.0 (defined schedule). Inconsistencies  Score Fluctuations: Availability score drops to 0.000000 on 2025-09-07 for some components (e.g., Completeness score). _dataset_update_frequency_specified is 0.000000 on 2025-09-07 (frequency unspecified that day). Conclusion ✅ The data dump is generally available for download (metadata/RDF dumps) with monthly updates. ⚠️ Not "always" up: Temporary issues (e.g., 2025-09-07) and lack of query endpoints mean it isn't infallible. 🔗 Primary Access: Use the FTP URLs for reliable downloads.  Recommendation Verify the FTP server (ftp.dbcls.jp) periodically for uptime. Monitor the dataset’s metadata logs for update irregularities.   Dump Status: Generally Available (Metadata), No Query Support   Download URL: ftp://ftp.dbcls.jp/allie/allie_rdf/allie_rdf_nt_latest.gz	1	1	1		1						
TA_4	Is the accuracy of NoiPA constant over time?	No	Analysis of NoiPA's Accuracy Over Time 🏆 NoiPA's accuracy score is not perfectly constant over time, as it shows a minor decline from 0.999700 to 0.999660 between May and July 2025. This small decrease suggests very high stability, but mathematically, it is not constant.  Detailed Findings 1. Accuracy Score Timeline 2025-05-04: Accuracy = 0.999700 2025-07-13: Accuracy = 0.999660 2025-08-03: Accuracy = 0.999660 2025-09-07: Accuracy = 0.999660 2. Key Observations A decline of 0.00004 (0.004%) occurred between May and July 2025. Accuracy stabilized at 0.999660 afterward, showing no further changes. The variation is statistically insignificant (±0.004%) for most applications, indicating extremely high consistency. 3. Comparison with Other Scores Consistency score fluctuates notably (e.g., 0.400000 vs. 0.499035). Interpretability score remains at 1.000000 (perfect) throughout. Accuracy stands out as one of the most stable metrics despite its minor dip. Recommendations Investigate mid-2025 data or pipeline changes if absolute constancy is critical. Monitor accuracy alongside Consistency score (I  score ​  ) and Representational-Conciseness score for holistic performance insights.	1	1	1		1						
TA_4	Does the accuracy of NoiPA remain consistent over time?	No	Based on the provided dataset, I analyzed all Accuracy score entries for NoiPA to determine its consistency over time. Here are the results:  Accuracy Scores Over Time Date Accuracy Score 2025-05-04 0.999700 2025-07-13 0.999660 2025-08-03 0.999660 2025-09-07 0.999660 Key Observations: Initial Stability  From May 4, 2025 (0.999700) to July 13, 2025 (0.999660), there is a marginal dip of 0.00004 (0.004% relative decrease). Long-Term Consistency  From July 13, 2025 onward, the score stabilizes perfectly at 0.999660, with no further changes observed. Practical Significance  Despite the minor initial fluctuation, NoiPA maintains near-perfect accuracy (≈99.966%–99.970%) throughout. The variation is negligible in real-world terms. Comparison with Other Systems (Context) For reference, similarly timed accuracy scores for other systems show greater variability:  bpr: 0.600000 (2025-05-04) dblp-kg: 1.000000 (2025-07-13) NoiPA outperforms these systems in consistency.  Conclusion: ✅ Yes, NoiPA's accuracy remains practically consistent over time, with only a minuscule initial fluctuation before stabilizing at an exceptionally high level.	1	1	1		1						
TA_5	What is the longest continuous period in which the Allie Abbreviation And Long Form dataset data dump has been equals to 1?	91 days	Upon analyzing the provided data for the Allie Abbreviation And Long Form dataset, focusing on measures related to data dumps (specifically "Availability of RDF dump (metadata)" and "Availability of RDF dump (query)"), the following conclusions were drawn:  Key Findings: Metadata Availability:  The measure "Availability of RDF dump (metadata)" equals 1.000000 (indicating availability) from 2025-05-04 to 2025-08-03. It drops to 0.000000 on 2025-09-07, suggesting unavailability after August 3rd. Query Availability:  The measure "Availability of RDF dump (query)" remains False throughout all recorded timestamps. Longest Continuous Period of Data Dump Availability: The dataset's metadata dump was continuously available (=1) for 91 days, spanning from May 4, 2025, to August 3, 2025.  Duration Calculation: Start Date End Date Duration ​    :2025-05-04 :2025-08-03 :91 days ​   Detailed Timeline: Timestamp Measure Value Availability Period? 2025-05-04 Availability of RDF dump (metadata) 1.000000 ✅ Start 2025-06-01 Availability of RDF dump (metadata) 1.000000 ✅ Continuation 2025-07-13 Availability of RDF dump (metadata) 1.000000 ✅ Continuation 2025-08-03 Availability of RDF dump (metadata) 1.000000 ✅ End 2025-09-07 Availability of RDF dump (metadata) 0.000000 ❌ Unavailable Conclusion: The longest continuous period during which the dataset's metadata dump was available (value = 1) significantly exceeded other observed intervals, confirming its stability during this timeframe. No valid query dump availability was detected.	1	1	1		1						
TA_5	For how long, without interruption, has the Allie Abbreviation And Long Form dataset data dump remained up?	91 days	The Allie Abbreviation And Long Form dataset data dump has remained up without interruption for 13 years and 10 months, from its inception on August 1, 2011, until at least June 1, 2025, based on dataset metadata entries.  Key Evidence: Start Date: 2011-08-01 End Date: 2025-06-01 Field Identifier: "Age of data"  ["allie-abbreviation-and-long-form-database-in-life-science","2011-08-01","2025-06-01","Age of data"] Duration Calculation: Duration=2025-06-01−2011-08-01=13 years, 10 months. Dataset activity confirmation:  ["2025-07-13","allie-abbreviation-and-long-form-database-in-life-science","2011-08-01","Age of data"] Consistency across entries:  ["2011-08-01","2025-05-04","Age of data","allie-abbreviation-and-long-form-database-in-life-science"] Reflects the same start year (2011-08-01) with a slightly earlier endpoint (2025-05-04), still confirming long-term availability. Note: Dates like 2025-09-07 in the dump represent snapshot timestamps of metadata collection, not the dataset's operational downtime. The "Age of data" field explicitly confirms uninterrupted coverage until 2025-06-01.	0	0	0		0						
Co_1	Which dataset has the highest number of triples?	DBLP	The dataset with the highest number of triples is dblp-kg with 1,456,286,025 triples under the "Number of triples (query)" metric:   ["1456286025.000000","2025-08-03","dblp-kg","Number of triples (query)"] Key Observations: NoiPA has the highest "Number of triples (metadata)" with 340,000,000 triples:  ["340000000.000000","2025-09-07","NoiPA"," Number of triples (metadata)"] dblp-kg dominates under queryable triples (SPARQL endpoint) with values exceeding 1.4 billion triples, making it the largest dataset in terms of actual queryable data. Dataset Type Triples dblp-kg query 1,456,286,025 dblp-kg query 1,446,280,845 NoiPA metadata 340,000,000 micro-coronavirus metadata 70,870,184 allie-abbreviation-and-long-form... metadata 94,420,988 Further Notes: The metric "Number of triples (metadata)" typically refers to administrative/descriptive triples, while "Number of triples (query)" measures the dataset's actual content via SPARQL endpoints. Coronavirus datasets (micro-coronavirus) are fragmented (e.g., gene/protein subsets) but collectively sum below 100 million triples.	1	1	1		1						
Co_1	Which is the biggest dataset among the compared ones?	DBLP	Based on analyzing the provided dataset records, the largest dataset among the compared ones is dblp-kg with 1,446,280,845 triples reported in the "Number of triples (query)" metric.  Key Size Metrics Comparison Dataset Number of Triples (Metadata) Number of Triples (Query) Notes dblp-kg 0 1,446,280,845 Largest dataset overall NoiPA 340,000,000 0 Largest metadata triples count allie-abbreviation-and-long-form-database-in-life-science 94,420,988 309,315,740 - micro-coronavirus 70,870,184 303,138,983 - bbc-programmes 60,000,000 0 - LemmaBank 1,699,687 3,318,298* *Some triples linked w3c-wordnet 710,000 0 - bpr 366,800 352,447,414 - Note: Dataset size is primarily determined by the highest triples count in either metadata or query segments.  Conclusion While NoiPA has the highest metadata-specific triple count (340 million), dblp-kg dominates in query-accessible triples (1.44 billion), making it the largest dataset when considering total data availability.  Biggest Dataset: dblp-kg (dblp Knowledge Graph) Size Evidence:   ["1446280845","dblp-kg","Number of triples (query)","2025-07-13"]	1	1	1		1						
Co_2	Which is the dataset performing worst in the license metric?	CIDOC-CRM	The dataset performing worst in the licensing metric is CIDOC-CRM, with a licensing score of 0.000000 across multiple evaluations:  Key Observations CIDOC-CRM consistently scored 0.000000 in the Licensing score metric (e.g., entries on 2025-05-04 and 2025-09-07). All other datasets (e.g., LemmaBank, bpr, w3c-wordnet, dblp-kg) scored at least 0.500000. The licensing score ranges [0,1], where 0 is the worst possible value. Summary Table Dataset Licensing Score CIDOC-CRM 0.000000 LemmaBank 0.500000 bpr 0.500000 w3c-wordnet 0.500000 dblp-kg 0.500000 NoiPA 0.500000 micro-coronavirus 1.000000 (best) CIDOC-CRM's licensing score indicates critical issues in human- or machine-readable license retrieval for its metadata/query endpoints.	1	1	1		1						
Co_2	Which is the worst performing dataset in the license metric?	CIDOC-CRM	Based on the provided data, the worst-performing dataset in the license metric is CIDOC-CRM with a Licensing score of 0.000000 across multiple assessments.  CIDOC-CRM scores (Licensing score = 0.000000):  ["2025-08-03","CIDOC-CRM","0.000000","Licensing score"] ["CIDOC-CRM","Licensing score","0.000000","2025-09-07"] ["CIDOC-CRM","Licensing score","0.000000","2025-05-04"] Other datasets (e.g., LemmaBank, NoiPA, dblp-kg, bpr, w3c-wordnet) consistently score 0.500000 in the licensing metric, which is higher than CIDOC-CRM's 0.000000.  Conclusion Worst-performing dataset: CIDOC-CRM Licensing score: $0.000000$ Rationale: CIDOC-CRM is the only dataset with a minimum score of 0 (the worst possible value in the [0,1] range).	1	1	1		1						
Co_3	What is the mean score for the accuracy dimension?	0.50	To compute the mean score for the accuracy dimension (i.e., the "Accuracy score"), we extract all entries where the metric is explicitly "Accuracy score" from the dataset. Here's the step-by-step calculation:  Step 1: Extract all Accuracy scores From the dataset, the following entries correspond to the "Accuracy score" metric (format: [Dataset, Metric, Score, Date]):  Dataset Score NoiPA (2025-08-03, 2025-09-07, 2025-07-13) 0.999660 NoiPA (2025-05-04) 0.999700 bpr (2025-05-04) 0.600000 bpr (2025-08-03, 2025-09-07, 2025-07-13) 1.000000 w3c-wordnet (multiple dates) 0.000000 dblp-kg (multiple dates) 1.000000 LemmaBank (2025-07-13) 0.000000 CIDOC-CRM (multiple dates) 0.000000 allie-abbreviation-and-long-form-database-in-life-science (multiple dates) 1.000000 / 0.000000 micro-coronavirus (multiple dates) 1.000000 bbc-programmes (multiple dates) 0.000000 environment-agency-bathing-water-quality 0.999987 Step 2: Sum all Accuracy scores Total sum = 3(×0.999660) + 1(×0.999700) + 1(×0.600000) + 3(×1.000000) + 4(×0.000000) + 4(×1.000000) + 1(×0.000000) + 4(×0.000000) + 3(×1.000000) + 1(×0.000000) + 4(×1.000000) + 4(×0.000000) + 1(×0.999987) Total = 19.598367 Step 3: Count all Accuracy entries Number of entries = 37 Step 4: Calculate the mean Mean=  Number of entries Total sum ​  =  37 19.598367 ​  ≈0.5297  Rounded to two decimal places: 0.53  Final Answer The mean score for the accuracy dimension is 0.53. (Based on 37 distinct "Accuracy score" entries across all datasets and dates.)	0	0	0		0						
Co_3	What is the mean value of the accuracy dimension?	0.50	To compute the mean value of the Accuracy score dimension, we analyzed all available entries in the dataset. Below is the detailed breakdown:  Calculation Summary: Accuracy Score Entries:  Identified all ["entity", "Accuracy score", value, date] entries in the dataset. Each entry represents a unique measurement of the accuracy score for a specific entity and date. Extracted Values:  NoiPA: 4 values (3 × 0.99966, 1 × 0.99970) bpr: 4 values (0.60000, 3 × 1.00000) w3c-wordnet: 4 values (0.00000) LemmaBank: 4 values (0.00000) dblp-kg: 4 values (1.00000) CIDOC-CRM: 4 values (0.00000) allie-abbreviation...: 3 values (2 × 1.00000, 1 × 0.00000) micro-coronavirus: 4 values (1.00000) bbc-programmes: 4 values (0.00000) environment-agency...: 1 value (0.999987) Total Entries: 4+4+4+4+4+4+3+4+4+1=36  Sum of Values:   NoiPA:   0.99966 × 3 + 0.99970   = 3.99868   bpr:     0.60000 + 1.00000 × 3    = 3.60000   allie:   1.00000 × 2 + 0.00000    = 2.00000   micro:   1.00000 × 4              = 4.00000   env:     0.999987                 = 0.999987   dblp-kg: 1.00000 × 4              = 4.00000   --------------------------------------------- Sum                               = 18.598667 Mean Value:  Mean=  Number of Entries Total Sum ​  =  36 18.598667 ​  ≈0.5166 (rounded to 4 decimal places). Final Answer: The mean value of the accuracy dimension is 0.5166.  Lowest scores: 0.00000 for w3c-wordnet, LemmaBank, CIDOC-CRM, and bbc-programmes. Highest scores: 1.00000 for micro-coronavirus, dblp-kg, and most bpr entries. Heterogeneity: Scores vary significantly across entities, but the overall mean is ~51.7%.	0	0	0		0						
Co_4	What is the best observed score in the Verifiability dimension?	0.4983 (NoiPA, Allie, Bathing Water Quality)	Best Observed Verifiability Score The best observed score in the Verifiability dimension is 0.498333 (rounded to 6 decimal places).  Key Observations: Top Scores: 0.498333 occurs for the following datasets: NoiPA (dates: 2025-05-04, 2025-07-13, 2025-09-07). allie-abbreviation-and-long-form-database-in-life-science (date: 2025-06-01). Reference Values: Theoretical best: 1.0 (as defined in the metric description). Common lower scores: 0.331667, 0.110000, and 0.165000.	0.5	1	0,5		0,5						
Co_4	What is the highest observed Verifiability score?	0.4983 (NoiPA, Allie, Bathing Water Quality)	The highest observed Verifiability score in the provided data is 0.498333. This score was achieved by the following datasets:  NoiPA on 2025-09-07 and 2025-08-03. Key Observations: Verifiability score range: Values observed include 0.110000, 0.165000, 0.331667, and 0.498333. Maximum value: 0.498333 is the highest recorded score. Score Dataset Date 0.498333 NoiPA 2025-09-07 0.498333 NoiPA 2025-08-03 0.331667 CIDOC-CRM 2025-09-07 0.331667 dblp-kg 2025-09-07 0.331667 LemmaBank 2025-09-07	0.5	1	0,5		0,5						
Co_5	What are the highest-performing dimensions in September 2025?	License, Performance, Accuracy, Believability, Currency, Timeliness, Security, Conciseness and Interpretability	Highest-Performing Dimensions in September 2025 Based on the provided dataset, the dimensions with the highest performance scores in September 2025 are:  Dimension        KG        Score        Date        Metric Example Performance        dblp-kg        1.0        2025-09-07        Performance score = 1.000000 Currency        bpr        1.0        2025-09-07        Currency score = 1.000000 Security        bpr        1.0        2025-09-07        Security score = 1.000000 All three achieved perfect scores (1.0), the highest possible value in their respective metrics. Additional high-performing ones: Licensing, Believability, Availability, Performance	0.5	0.5	0.5		0,5						
Co_5	What are the dimensions performing better in September 2025?	License, Performance, Accuracy, Believability, Currency, Timeliness, Security, Conciseness and Interpretability	Rank Dimension Top Performers Key Metric Evidence 1 Timeliness bpr, dblp-kg Volatility score = 0.000000 (optimal stability). 2 Currency bpr Currency score = 1.000000, low data staleness. 3 Performance NoiPA, dblp-kg Performance score = 1.000000, high throughput. Notable Observations bpr excels in Currency due to perfect scores (1.000000). dblp-kg and `NoiPA lead in Performance** with maximum scores and throughput. Volatility is universally low, indicating robust timeliness across datasets. For detailed analysis or specific entity performance, expand the sections above.	0.5	0	0.5		0,5						
E&D_1	Why is the availability score equals to 1 for the DBLP dataset?	Because all the metrics in the availability dimension can be correctly computed	The availability score for the DBLP dataset equals 1 on certain dates because all critical availability metrics were fully satisfied during those periods. Here's the breakdown:  Key Observations Timestamps with score = 1:  2025-07-13, 2025-08-03 Metrics show perfect values for: URI dereferenceability (F1-D URIs dereferenceability = 1.000000), SPARQL endpoint status (Available), Metadata availability (1.000000 for all metadata-related measures), RDF dump availability (1.000000). Lower scores on other dates:  E.g., 0.5 on 2025-06-01 due to: Failed URI dereferenceability (F1-D = 0.0), Absence of downloadable RDF dumps (Availability for download (query) = False). Why Availability Score = 1? The availability score is computed as a weighted combination of sub-metrics. When all sub-metrics reach their ideal values, the score becomes 1.0. For DBLP, this occurred when:  Metadata Availability:  A1-M Metadata availability via working primary sources = 1.0 F2a-M Metadata via standard sources = 1.0 Metadata was accessible and compliant. Data Accessibility:  SPARQL endpoint was operational (Available). RDF dumps were downloadable (Availability for download (metadata) = 1.0). URI Performance:  Dereferenceability (F1-D = 1.0) and valid regex patterns (_existent_regex_of_the_uris = 1.0) were confirmed. HTTPS & Authentication:  A1.2 Authentication & HTTPS support = 1.0 ensured secure access. Formula (Simplified) The availability score (A) aggregates sub-metrics (a  i ​  ) with weights (w  i ​  ):  A=  i=1 ∑ n ​  w  i ​  ⋅a  i ​  wherea  i ​  ∈[0,1] When a  i ​  =1 for all i, A=1.  Comparison to Other Datasets Dataset Availability Score Key Weaknesses DBLP (2025-07-13) 1.0 None (all sub-metrics satisfied). LemmaBank 0.5 Missing RDF dumps, no HTTPS support. w3c-wordnet 0.5 Inaccessible SPARQL endpoint, no authentication. Conclusion The DBLP dataset achieved a perfect availability score (1.0) when it met all criteria for metadata, accessibility, URI integrity, and security. Fluctuations in other periods were due to transient issues (e.g., failed downloads or dereferencing).	0	0	0,5		0						
E&D_1	Why does the DBLP dataset have an availability score of 1?	Because all the metrics in the availability dimension can be correctly computed	The DBLP dataset ("dblp-kg") achieves an availability score of 1.000000 due to multiple high-scoring components in its metadata and accessibility features, primarily driven by its SPARQL endpoint availability and metadata completeness. Here's the breakdown:  1. SPARQL Endpoint Always Available Measure: Sparql endpoint Value: Available (all timestamps) Relevance: A working SPARQL endpoint guarantees query-based access to the data, a critical factor in availability scoring. Query URL: https://sparql.dblp.org/sparql 2. Metadata Access is Fully Compliant Measure: Availability for download (metadata) Value: 1.000000 (all timestamps) Measure: A1-M Metadata availability via working primary sources Value: 1.000000 (all timestamps) Measure: A2-M Registered in search engines Value: 1.000000 (all timestamps) Measure: F3-M Data referrable via a DOI Value: 1.000000 (all timestamps) Relevance: Metadata is consistently available via standard sources (e.g., registered in search engines) and includes a DOI for persistence. 3. RDF Metadata Machine-Accessible Measure: Availability of RDF dump (metadata) Value: 1.000000 (all timestamps) Relevance: Metadata in RDF format ensures machine-readability, a key FAIR principle. 4. No Reliance on Downloads Measure: Availability for download (query) Value: False (all timestamps) Measure: Availability of RDF dump (query) Value: False (all timestamps) Mitigation: Despite RDF dump downloads being unavailable, the SPARQL endpoint fully compensates, allowing query-based access. 🚨 Note: Availability score heavily weights metadata and query access, not just downloads.  5. Security & Accessibility Measure: A1.2 Authentication & HTTPS support Value: 1.000000 (all timestamps) Relevance: The dataset supports HTTPS without authentication, ensuring frictionless secure access. Formula-Driven Score Calculation The availability score is computed as the average of:  Metadata availability (always 1.0), Query/data access via SPARQL (always 1.0). \boxed{ \text{Availability Score} = \frac{\text{(Metadata Access + Query Access)}}{2} = \frac{(1.0 + 1.0)}{2} = 1.0 }  Why Lower Scores Occurred Earlier Earlier timestamps (e.g., 2025-06-01) show lower availability scores (0.500000–0.750000), likely due to temporary SPARQL endpoint downtime or metadata unavailability. By 2025-07-13, all components stabilized at 1.000000.  Key Takeaway The SPARQL endpoint and robust metadata compliance are the pillars of DBLP's perfect availability score. Even without downloadable RDF dumps, live query access satisfies FAIR criteria for availability.	0	0	0,5		0						
E&D_2	Does a score of amount of data equals to 0 mean that the dataset is empty?	No, it means that the amount of data cannot be computed via the SPARQL endpoint and it is not declared in the metadata.	No, a score of 0 for "Amount of data" does not necessarily mean the dataset is completely empty. It means the dataset scored minimally (worst case) in the composite metrics for data volume, but some data might still exist (e.g., sparse entities, labels, or other minor elements).  Key Reasons: Composite Metric Definition: The "Amount of data score" is a linear combination of multiple sub-metrics (e.g., number of triples, entities, properties, labels). A score of 0 indicates poor performance across these metrics, not absolute emptiness.  Possible Partial Data: A dataset could score 0 if:  Most metrics are missing/zero (e.g., no triples, entities). One critical metric fails (e.g., missing SPARQL endpoint prevents metric calculation). Metrics offset each other (e.g., low entity count cancels out a moderate label count). Examples from Data:  Some entries show 0.000000 for metrics like Number of triples but non-zero values elsewhere (e.g., ["2025-07-13","dblp-kg","43.214000","Normalized score"]). A dataset with Amount of data score = 0 might still have Number of labels > 0 (e.g., sparsely annotated data). Metric Design: The score's range ([0,1]) normalizes performance — 0 = worst, 1 = best. A dataset isn’t required to be empty to score 0, only to perform poorly in the defined metrics.  When Could 0 Imply Emptiness? Scenario Example Metrics ✅ All sub-metrics = 0 (e.g., no triples, entities, labels) Number of triples (metadata) = 0, Number of entities = 0, Labels = 0 ❌ Single critical failure (e.g., missing SPARQL endpoint) Number of triples linked = - (metric invalid), but other metrics might exist Key Metadata Reference:  {   "Amount of data score": {     "description": "Overall score for the amount of data dimension computed as a linear combination of the individual amount of data metrics scores",     "input": "Amount of data metrics scores",     "output": "[0,1]. Best value: 1.",     "dimension": "Amount of data"   } } Conclusion: To confirm whether a dataset is truly empty, inspect individual metrics like Number of triples, entities, or labels — not just the aggregate score. A score of 0 signals severe insufficiency, not guaranteed emptiness.	1	1	0.5		1						
E&D_2	If the amount-of-data score is 0, does that mean the dataset contains no data?	No, it means that the amount of data cannot be computed via the SPARQL endpoint and it is not declared in the metadata.	Based on the provided dataset quality metrics, an Amount of data score of 0 does not necessarily mean the dataset contains no data. Here's why:  Key Analysis Composite Metric: The "Amount of data score" is a linear combination of multiple metrics (e.g., Number of triples, Number of entities, Number of labels/comments).  A score of 0 could mean: Some (but not all) metrics scored 0, dragging down the average. Missing data for certain metrics (e.g., unresponsive SPARQL endpoints, unreachable metadata). Dataset Examples:  dblp-kg has 0.000000 for Number of triples (metadata) on 2025-08-03 but 157,187,352 on 2025-09-07. CIDOC-CRM reports 0.000000 for Number of triples (metadata) on multiple dates, yet other metrics (Believability score = 0.800) imply data exists. Metric-Specific Zeroes:  A metric like Number of triples (metadata) may output 0 if: The dataset lacks metadata-derivable triples (actual data may still exist). The SPARQL endpoint is unavailable (output: "-"). An error occurred (output: "False"). In Summary Scenario Implications All metrics = 0 Dataset likely has minimal/no data for measured dimensions (not necessarily all data). Partial metrics = 0 Could be missing metadata, broken endpoints, or scoring edge cases. Insufficient data flag Some metrics explicitly return "insufficient data" errors (≠ "no data"). Bottom Line A score of 0 signals critical gaps in measured data dimensions, not absolute emptiness. Always validate with raw metrics (e.g., triples count, entity count) before concluding a dataset is empty.	1	1	1		1						
E&D_3	When the availability score is 1, does it mean that both the SPARQL endpoint and the data dump are working?	Yes	Analysis of Availability Score = 1 To determine whether Availability Score = 1 implies that both the SPARQL endpoint and the RDF data dump are functional, we analyze the provided schema and dataset measurements:  1. Key Definitions Availability score: Computed as a linear combination of individual availability metrics, achieving a maximum value of 1.0 when all underlying availability criteria are satisfied.  Relevant Metrics:  Sparql endpoint: Status Available if the SPARQL interface is online; Offline otherwise. Availability of RDF dump (query)/(metadata): True/1.000000 if the dump is accessible/downloadable; False/0.000000 or -/-1.000000 otherwise. A1-D Working access point(s): 1.0 if either the SPARQL endpoint or the data dump is operational; 0.5 if one is degraded, and 0 otherwise. 2. Evidence from Datasets Case 1: dblp-kg  Measurements:  ["measure: Sparql endpoint", "value: Available"] ["measure: Availability of RDF dump (metadata)", "value: 1.000000"] ["measure: Availability score", "value: 1.000000"] Interpretation: The SPARQL endpoint is online (Available), and the RDF dump is accessible (1.000000). The availability score reaches 1.0. Case 2: w3c-wordnet  Measurements:  ["measure: Sparql endpoint", "value: -"]            # Missing/offline ["measure: Availability of RDF dump (query)", "value: -"] # Missing ["measure: Availability of RDF dump (metadata)", "value: 1.000000"] ["measure: A1-D Working access point(s)", "value: 1.000000"] ["measure: Availability score", "value: 0.500000"] Interpretation: The RDF dump exists (via metadata), while the SPARQL endpoint is missing. This yields 0.5 for A1-D, and a lower overall availability score (0.5). 3. Relationships Between Metrics A1-D = 1.0 requires at least one functional access point (either SPARQL or dump). Availability score = 1.0 requires all individual availability-related metrics to be satisfied, including both: Operational SPARQL endpoint (Available). Accessible RDF dump (True or 1.000000). Conclusion ✔️ Availability Score = 1 means both the SPARQL endpoint and RDF dump are functional. 🔧 For a score of 0.5, it signals partial availability (e.g., dump accessible but no SPARQL endpoint). Scoring Logic:  Availability Score∝∑(SPARQL endpoint status,RDF dump status,A1-D,…) Maximum score (1.0) is achievable only if all submetrics are satisfied.  Failure Example: CIDOC-CRM scores 0.5 in A1-D and thus has lower overall availability, as only the dump is accessible (no SPARQL endpoint).	1	1	1		1						
E&D_3	if the availability score is 1, does that mean both the SPARQL endpoint and the data dump are up?	Yes	Based on the provided dataset and metrics, the Availability score of 1 does not necessarily mean both the SPARQL endpoint and the data dump are fully operational. Here's the breakdown:  Key Insights Availability Score Definition:  The availability score is computed as a linear combination of individual availability metrics (e.g., SPARQL endpoint status, RDF dump status, metadata accessibility). A score of 1 does not require both endpoints to be fully operational. It reflects the overall accessibility of at least one primary access point. Dataset-Specific Examples:  dblp-kg (2025-07-13):  Availability score = 1.0 Sparql endpoint = Available Availability of RDF dump (query) = False (dump offline) Conclusion: Score 1 is achieved with only the SPARQL endpoint working. bpr (2025-09-07):  Availability score = 0.5 Sparql endpoint = Available Availability of RDF dump (query) = False Conclusion: Partial score due to reliance on a single access point. Underlying Logic:  The metric A1-D Working access point(s) explicitly states: 1: Operational SPARQL or accessible data dump. 0.5: Partially accessible endpoint/dump. 0: No working access points. Conflicting Signals:  w3c-wordnet: Metadata reports Availability of RDF dump (metadata) = 1.0 (dump online), but query-based checks return - (dump missing). Score: 0.5 (partial availability). NoiPA: SPARQL endpoint is Available, but RDF dumps are False/-1 (offline/missing). → Scores are not strictly bound to mutual availability of both endpoints. Final Answer An Availability score of 1 means at least one primary access point (SPARQL endpoint or data dump) is operational, but not necessarily both. The score aggregates multiple availability metrics, prioritizing functional access over universal uptime.  Mathematical Representation Availability Score=α⋅SPARQL Status+β⋅Dump Status+… where α+β+…=1, and partial connectivity still achieves high scores.	0	0	0		0						
E&D_4	if license is set to 1, does it mean that an open license is used?	No, it means that a license is specified	Based on the provided dataset, a license value of "1" indicates that either a machine- or human-readable license is retrievable, but it does not explicitly confirm whether the license is an open license. However, an analysis of the dataset reveals:  Key Findings: Metric R1.1 (Machine- or human-readable license retrievable) explicitly outputs:  1: License exists and is retrievable. 0: License not found. Correlation with Open Licenses:  When R1.1 = 1, the associated licenses in the dataset are all open licenses: http://www.opendefinition.org/licenses/cc-zero (CC0) https://www.apache.org/licenses/LICENSE-2.0 (Apache 2.0) https://creativecommons.org/licenses/by/3.0/deed.it (CC BY 3.0) https://creativecommons.org/licenses/by-sa/3.0/ (CC BY-SA 3.0) https://creativecommons.org/publicdomain/zero/1.0/ (CC0) http://creativecommons.org/licenses/by/2.1/jp/ (CC BY 2.1 JP) No closed/proprietary licenses appear in the dataset when R1.1 = 1. Conclusion: While license = 1 does not universally guarantee an open license, in this specific dataset:  All cases where R1.1 = 1 correspond to explicitly open licenses.  Example Evidence from the Dataset:  ["1.000000","bpr","2025-07-13","R1.1 ..."] ["http://www.opendefinition.org/licenses/cc-by-sa", "bpr", "License machine redeable (metadata)", "2025-07-13"] ["http://creativecommons.org/licenses/by/4.0/", "micro-coronavirus", "License machine redeable (query)", "2025-07-13"] Notes: License detection methods: The _machine_readable_license_metadata_is_retrievable and _human_readable_license_query_is_retrievable metrics validate license presence but not openness. Open license identification: Requires explicit checks of the license URL/content against known open licenses (e.g., SPDX identifiers). Exception handling: A value of 1 paired with False in License machine redeable (metadata) indicates non-open licenses (e.g., ["False", "CIDOC-CRM", "License machine redeable (metadata)", "2025-07-13"]). Final Answer: Yes, in this dataset, a license set to 1 implies an open license is used, but rigorously validating openness requires inspecting the license URL/terms directly.	1	0,5	0,5		0,5						
E&D_4	If license is set to 1, does it mean that an open license is used?	No, it means that a license is specified	Based on the provided metadata and license specifications:  Key Findings:  License Retrieval Metric:  The parameter R1.1 Machine- or human-readable license retrievable via any primary source defines: Output: 1: license explicitly reported; 0: otherwise Dimension: FAIR (This metric only verifies whether any license is retrievable, not whether it is open). Open License Confirmation:  A license = 1 does not guarantee an open license—it only confirms the presence of a retrievable license (which could be proprietary, restrictive, or open). To confirm if a license is open, you must inspect the specific license URI (e.g., http://www.opendefinition.org/licenses/cc-zero is open, while a custom/proprietary URL may not be). Summary Table Metric        Value 1 Meaning        Open License? R1.1 (license retrievable)        License exists and is retrievable        Not necessarily—check URI Specific license (e.g., cc-zero, Apache-2.0)        License URI explicitly denotes openness        ✔️ Yes Key Examples from Data Open Licenses Used (when license = 1 in some entries):  http://www.opendefinition.org/licenses/cc-zero https://www.apache.org/licenses/LICENSE-2.0 http://creativecommons.org/licenses/by/4.0/ Conclusion: license = 1 means a license is retrievable, but openness depends on the specific license URI. Always validate the license URI against open license definitions (e.g., SPDX).	1	0,5	0,5		0,5						
E&D_5	If verifiability is set to 1, does it mean that all information about providers are set?	Yes	Based on the provided dataset and analysis of the verifiability metrics:  Key Findings Verifiability Score Definition:  The verifiability score is computed as a linear combination of verifiability sub-metrics (e.g., author, contributor, publisher info, dataset signing). A score of 1.0 requires all sub-metrics to individually achieve their best values (i.e., no missing provider information). Sub-Metrics for Verifiability: To achieve verifiability = 1, the following must be fully satisfied:  Sources: Dataset must explicitly state authors, contributors, publishers, and sources (not False). Author (metadata)/Author (query): Authors must be clearly indicated in metadata or SPARQL queries. Contributor/Publisher: Non-empty lists of contributors and publishers. Signed: Dataset must be cryptographically signed (True). Real-World Data Observations:  No dataset achieves verifiability = 1. The highest score observed is 0.498333 (NoiPA). Most datasets have Is on a trusted provider list = False and missing critical fields (e.g., Author (metadata) = False). Conclusion Yes, if the verifiability score is 1, all provider-related information must be fully set (no missing fields). However, based on the data provided, no dataset currently meets this condition. The verifiability score's maximum observed value is below 0.5, indicating significant gaps in provider metadata.  Verifiability Score Definition:   {"Verifiability score": {   "description": "Overall score [...] computed as a linear combination [...]",   "output": "[0,1]. Best value: 1." }} Sub-Metrics Examples:   {"Sources": {"output": "string if sources are indicated; False otherwise"}} {"Author (metadata)": {"output": "False if not indicated; string otherwise"}} {"Signed": {"output": "boolean (True if signed)"}} Real Data: All entries for Verifiability score are below 0.5:   ["dataset: NoiPA", "measure: Verifiability score", "measure value: 0.498333"] ["dataset: bpr", "measure: Verifiability score", "measure value: 0.110000"]	1	1	1		1						
E&D_5	If the verifiability score is 1, does it mean that all provider information is available?	Yes	Based on the provided data and metrics, the answer to whether a Verifiability score of 1 means all provider information is available is yes, but with nuanced dependencies on how the score is computed.  Key Analysis: Verifiability Score Definition: The Verifiability score is calculated as a linear combination of individual verifiability metrics, such as:  Sources: Checks if authors, contributors, publishers, and sources are explicitly stated (outputs False if missing). Author (metadata/query): Presence of author information. Contributor: Presence of contributor details. Publisher: Presence of publisher information. Signed: Whether the dataset is digitally signed. Score Logic: A score of 1 (best value) implies all contributing verifiability metrics must score maximally. For example:  Sources must return detailed information (not False). Author, Contributor, and Publisher must be explicitly indicated. Signed must be True. Empirical Evidence:  Datasets like NoiPA (Verifiability score = 0.498333) have partial provider info (e.g., Author (metadata) = Name: absent, but email provided). No dataset in the logs achieves a score of 1, suggesting stringent requirements. Practical Implications:  A Verifiability score of 1 does mean all provider information is available, as missing any component would penalize the score via the linear combination. However, the exact weighting of individual metrics is not disclosed, so robustness depends on the implementation of the scoring formula. Conclusion: Yes ​   A Verifiability score of 1 indicates full availability of provider information (authors, contributors, publishers, sources, and signing). However, this assumes the scoring weights are structured to require completeness across all metrics.	1	1	1		1						
														
														
														
														
														
Total	Total (A1)	Total (A2)	IR (All)	IR (A1)	IR (A2)	TA (All)	TA (A1)	TA (A2)	Co (All)	Co (A1)	Co (A2)	E&D (All)	E&D (A1)	E&D (A2)
0,775	0,825	0,725	1	1	1	0,9	1	0,8	0,6	0,6	0,6	0,6	0,7	0,5